pais,abreviatura,posicion,nombre_completo,nombres,apellidos,nombre_camiseta,idioma
Algeria,ALG,PO,MASTIL Melvin,Melvin Feycal,MASTIL,MASTIL,ES
Algeria,ALG,DF,MANDI Aissa,Aissa,MANDI,MANDI,ES
Algeria,ALG,DF,ABADA Achref,Achref,ABADA,ABADA,ES
Algeria,ALG,DF,TOUGAI Mohamed Amine,Mohamed Amine,TOUGAI,TOUGAI,ES
Algeria,ALG,DF,BELAID Zineddine,Zineddine,BELAÏD,BELAID,ES
Algeria,ALG,MC,ZERROUKI Ramiz,Ramiz Larbi,ZERROUKI,ZERROUKI,ES
Algeria,ALG,DC,MAHREZ Riyad,Riyad Karim,MAHREZ,MAHREZ,ES
Algeria,ALG,MC,AOUAR Houssem,Houssem-Eddine Chaabane,AOUAR,AOUAR,ES
Algeria,ALG,DC,GOUIRI Amine,Amine Ferid,GHOUIRI,GOUIRI,ES
Algeria,ALG,MC,CHAIBI Fares,Fares,CHAIBI,CHAIBI,ES
Algeria,ALG,DC,HADJ MOUSSA Anis,Anis,HADJ MOUSSA,HADJ MOUSSA,ES
Algeria,ALG,DC,BENBOUALI Nadhir,Ahmed Nadhir,BENBOUALI,BENBOUALI,ES
Algeria,ALG,DF,HADJAM Jaouen,Jaouen Djimmy,HADJAM,HADJAM,ES
Algeria,ALG,MC,BOUDAOUI Hicham,Hicham,BOUDAOUI,BOUDAOUI,ES
Algeria,ALG,DF,AIT-NOURI Rayan,Rayan,AÏT-NOURI,AIT NOURI,ES
Algeria,ALG,PO,BENBOT Oussama,Oussama,BENBOT,BENBOT,ES
Algeria,ALG,DF,BELGHALI Ra«k,Ra«k,BELGHALI,BELGHALI,ES
Algeria,ALG,DC,AMOURA Mohamed,Mohammed Elamine,AMOURA,AMOURA,ES
Algeria,ALG,MC,BENTALEB Nabil,Nabil,BENTALEB,BENTALEB,ES
Algeria,ALG,DC,BOULBINA Adil,Adil,BOULBINA,BOULBINA,ES
Algeria,ALG,DF,BENSEBAINI Ramy,Amir Selmane Rami,BENSEBAINI,BENSEBAINI,ES
Algeria,ALG,MC,MAZA Ibrahim,Ibrahim,MAZA,MAZA,ES
Algeria,ALG,PO,ZIDANE Luca,Luca Zinedine,ZIDANE,ZIDANE,ES
Algeria,ALG,MC,TITRAOUI Yassine,Yassine M E G,TITRAOUI,TITRAOUI,ES
Algeria,ALG,DC,GHEDJEMIS Fares,Fares,GHEDJEMIS,GHEDJEMIS,ES
Algeria,ALG,DF,CHERGUI Samir,Samir Sophian,CHERGUI,CHERGUI,ES
Argentina,ARG,PO,MUSSO Juan,Juan Agustín,MUSSO,MUSSO,ES
Argentina,ARG,DF,SENESI Marcos,Marcos Nicolás,SENESI BARON,SENESI,ES
Argentina,ARG,DF,TAGLIAFICO Nicolas,Nicolás Alejandro,TAGLIAFICO,TAGLIAFICO,ES
Argentina,ARG,DF,MONTIEL Gonzalo,Gonzalo Ariel,MONTIEL,MONTIEL,ES
Argentina,ARG,MC,PAREDES Leandro,Leandro Daniel,PAREDES,PAREDES,ES
Argentina,ARG,DF,MARTINEZ Lisandro,Lisandro,MARTÍNEZ,MARTÍNEZ,ES
Argentina,ARG,MC,DE PAUL Rodrigo,Rodrigo Javier,DE PAUL,DE PAUL,ES
Argentina,ARG,MC,BARCO Valentin,Valentin,BARCO,BARCO,ES
Argentina,ARG,DC,ALVAREZ Julian,Julián,ÁLVAREZ,J. ALVAREZ,ES
Argentina,ARG,DC,MESSI Lionel,Lionel Andrés,MESSI,MESSI,ES
Argentina,ARG,MC,LO CELSO Giovani,Giovani,LO CELSO,LO CELSO,ES
Argentina,ARG,PO,RULLI Geronimo,Geronimo,RULLI,RULLI,ES
Argentina,ARG,DF,ROMERO Cristian,Cristian Gabriel,ROMERO,ROMERO,ES
Argentina,ARG,MC,PALACIOS Exequiel,Exequiel Alejandro,PALACIOS,PALACIOS,ES
Argentina,ARG,MC,GONZALEZ Nico,Nicolas Ivan,GONZALEZ,N. GONZALEZ,ES
Argentina,ARG,DC,ALMADA Thiago,Thiago Ezequiel,ALMADA,ALMADA,ES
Argentina,ARG,DC,SIMEONE Giuliano,Giuliano,SIMEONE,SIMEONE,ES
Argentina,ARG,DC,PAZ Nico,Nicolas,PAZ MARTÍNEZ,NICO PAZ,ES
Argentina,ARG,DF,OTAMENDI Nicolas,Nicolas Hernan Gonzalo,OTAMENDI,OTAMENDI,ES
Argentina,ARG,MC,MAC ALLISTER Alexis,Alexis,MAC ALLISTER,MAC ALLISTER,ES
Argentina,ARG,DC,LOPEZ Jose Manuel,Jose Manuel Alberto,LOPEZ,LOPEZ,ES
Argentina,ARG,DC,MARTINEZ Lautaro,Lautaro Javier,MARTÍNEZ,L. MARTINEZ,ES
Argentina,ARG,PO,MARTINEZ Emiliano,Damián Emiliano,MARTÍNEZ,E. MARTINEZ,ES
Argentina,ARG,MC,FERNANDEZ Enzo,Enzo Jeremías,FERNÁNDEZ,E. FERNANDEZ,ES
Argentina,ARG,DF,MEDINA Facundo,Facundo Axel,MEDINA,MEDINA,ES
Argentina,ARG,DF,MOLINA Nahuel,Nahuel,MOLINA LUCERO,MOLINA,ES
Australia,AUS,PO,RYAN Mathew,Mathew David,RYAN,RYAN,ES
Australia,AUS,DF,DEGENEK Milos,Milos,DEGENEK,DEGENEK,ES
Australia,AUS,DF,CIRCATI Alessandro,Alessandro,CIRCATI,CIRCATI,ES
Australia,AUS,DF,ITALIANO Jacob,Jacob Michael,ITALIANO,ITALIANO,ES
Australia,AUS,DF,BOS Jordan,Jordan Jacob,BOS,BOS,ES
Australia,AUS,DF,GERIA Jason,Jason Kato,GERIA,GERIA,ES
Australia,AUS,DC,LECKIE Mathew,Mathew Allan,LECKIE,LECKIE,ES
Australia,AUS,MC,METCALFE Connor,Connor Isaac,METCALFE,METCALFE,ES
Australia,AUS,DC,TOURE Mohamed,Mohamed A,TOURE,TOURE,ES
Australia,AUS,DC,HRUSTIC Ajdin,Ajdin,HRUSTIC,HRUSTIC,ES
Australia,AUS,DC,MABIL Awer,Awer Bul,MABIL,MABIL,ES
Australia,AUS,PO,IZZO Paul,Paul David,IZZO,IZZO,ES
Australia,AUS,MC,ONEILL Aiden,Aiden Connor,O'NEILL,O'NEILL,ES
Australia,AUS,MC,DEVLIN Cameron,Cameron Peter,DEVLIN,DEVLIN,ES
Australia,AUS,DF,TREWIN Kai,Kai Clifton,TREWIN,TREWIN,ES
Australia,AUS,DF,BEHICH Aziz,Aziz,BEHICH,BEHICH,ES
Australia,AUS,DC,IRANKUNDA Nestory,Nestory,IRANKUNDA,IRANKUNDA,ES
Australia,AUS,PO,BEACH Patrick,Patrick Thomas,BEACH,BEACH,ES
Australia,AUS,DF,SOUTTAR Harry,Harry James,SOUTTAR,SOUTTAR,ES
Australia,AUS,DC,VOLPATO Cristian,Cristian,VOLPATO,VOLPATO,ES
Australia,AUS,DF,BURGESS Cameron,Cameron Robert,BURGESS,BURGESS,ES
Australia,AUS,MC,IRVINE Jackson,Jackson Alexander,IRVINE,IRVINE,ES
Australia,AUS,DC,VELUPILLAY Nishan,Nishan Matthew,VELUPILLAY,VELUPILLAY,ES
Australia,AUS,MC,OKON-ENGSTLER Paul,Paul Michael Junior,OKON-ENGSTLER,OKON-ENGSTLER,ES
Australia,AUS,DF,HERRINGTON Lucas,Lucas,HERRINGTON,HERRINGTON,ES
Australia,AUS,DC,YENGI Tete,Tete Owen,YENGI,YENGI,ES
Austria,AUT,PO,SCHLAGER Alexander,Alexander,SCHLAGER,SCHLAGER,ES
Austria,AUT,DF,AFFENGRUBER David,David Leopold,AFFENGRUBER,AFFENGRUBER,ES
Austria,AUT,DF,DANSO Kevin,Kevin,DANSO,DANSO,ES
Austria,AUT,MC,SCHLAGER Xaver,Xaver,SCHLAGER,XAVER,ES
Austria,AUT,DF,POSCH Stefan,Stefan,POSCH,POSCH,ES
Austria,AUT,MC,SEIWALD Nicolas,Nicolas,SEIWALD,SEIWALD,ES
Austria,AUT,DC,ARNAUTOVIC Marko,Marko,ARNAUTOVIC,ARNAUTOVIC,ES
Austria,AUT,DF,ALABA David,David,ALABA,ALABA,ES
Austria,AUT,MC,SABITZER Marcel,Marcel,SABITZER,SABITZER,ES
Austria,AUT,MC,GRILLITSCH Florian,Florian,GRILLITSCH,GRILLITSCH,ES
Austria,AUT,DC,GREGORITSCH Michael,Michael,GREGORITSCH,GREGORITSCH,ES
Austria,AUT,PO,WIEGELE Florian,Florian,WIEGELE,WIEGELE,ES
Austria,AUT,PO,PENTZ Patrick,Patrick,PENTZ,PENTZ,ES
Austria,AUT,DC,KALAJDZIC Sasa,Saša,KALAJDŽIĆ,KALAJDZIC,ES
Austria,AUT,DF,LIENHART Philipp,Philipp,LIENHART,LIENHART,ES
Austria,AUT,DF,MWENE Phillip,Phillip,MWENE,MWENE,ES
Austria,AUT,MC,CHUKWUEMEKA Carney,Carney Chibueze,CHUKWUEMEKA,CHUKWUEMEKA,ES
Austria,AUT,MC,SCHMID Romano,Romano,SCHMID,SCHMID,ES
Austria,AUT,MC,LJUBICIC Dejan,Dejan,LJUBIČIĆ,LJUBICIC,ES
Austria,AUT,MC,LAIMER Konrad,Konrad,LAIMER,LAIMER,ES
Austria,AUT,DC,WIMMER Patrick,Patrick,WIMMER,WIMMER,ES
Austria,AUT,MC,PRASS Alexander,Alexander,PRASS,PRASS,ES
Austria,AUT,DF,FRIEDL Marco,Marco,FRIEDL,FRIEDL,ES
Austria,AUT,MC,WANNER Paul,Paul,WANNER,WANNER,ES
Austria,AUT,DF,SVOBODA Michael,Michael,SVOBODA,SVOBODA,ES
Austria,AUT,MC,SCHOEPF Alessandro,Alessandro Andre,SCHÖPF,SCHÖPF,ES
Belgium,BEL,PO,COURTOIS Thibaut,Thibaut Nicolas M,COURTOIS,COURTOIS,ES
Belgium,BEL,DF,DEBAST Zeno,Zeno Koen,DEBAST,DEBAST,ES
Belgium,BEL,DF,THEATE Arthur,Arthur Nicolas R,THEATE,THEATE,ES
Belgium,BEL,DF,MECHELE Brandon,Brandon Erik,MECHELE,MECHELE,ES
Belgium,BEL,DF,DE CUYPER Maxim,Maxim Peter M,DE CUYPER,DE CUYPER,ES
Belgium,BEL,MC,WITSEL Axel,Axel Laurent A,WITSEL,WITSEL,ES
Belgium,BEL,MC,DE BRUYNE Kevin,Kevin,DE BRUYNE,DE BRUYNE,ES
Belgium,BEL,MC,TIELEMANS Youri,Youri Marion A,TIELEMANS,TIELEMANS,ES
Belgium,BEL,DC,LUKAKU Romelu,Romelu,LUKAKU BOLINGOLI,LUKAKU,ES
Belgium,BEL,DC,TROSSARD Leandro,Leandro,TROSSARD,TROSSARD,ES
Belgium,BEL,DC,DOKU Jeremy,Jeremy Baffour,DOKU,DOKU,ES
Belgium,BEL,PO,LAMMENS Senne,Senne,LAMMENS,LAMMENS,ES
Belgium,BEL,PO,PENDERS Mike,Mike Louis,PENDERS,PENDERS,ES
Belgium,BEL,DC,LUKEBAKIO Dodi,Dodi,LUKEBAKIO NGANDOLI,LUKEBAKIO,ES
Belgium,BEL,DF,MEUNIER Thomas,Thomas Andre A,MEUNIER,MEUNIER,ES
Belgium,BEL,DF,DE WINTER Koni,Koni,DE WINTER,DE WINTER,ES
Belgium,BEL,DC,DE KETELAERE Charles,Charles Marc S,DE KETELAERE,DE KETELAERE,ES
Belgium,BEL,DF,SEYS Joaquin,Joaquin Ronny,SEYS,SEYS,ES
Belgium,BEL,MC,MOREIRA Diego,Diego Manuel J,DA SILVA MOREIRA,MOREIRA JR,ES
Belgium,BEL,MC,VANAKEN Hans,Hans,VANAKEN,VANAKEN,ES
Belgium,BEL,DF,CASTAGNE Timothy,Timothy,CASTAGNE,CASTAGNE,ES
Belgium,BEL,MC,SAELEMAEKERS Alexis,Alexis Jesse M,SAELEMAEKERS,SAELEMAEKERS,ES
Belgium,BEL,MC,RASKIN Nicolas,Nicolas Thierry Y,RASKIN,RASKIN,ES
Belgium,BEL,MC,ONANA Amadou,Amadou Ba Z,MVOM ONANA,ONANA,ES
Belgium,BEL,DF,NGOY Nathan,Nathan,NGOY,NGOY,ES
Belgium,BEL,DC,FERNANDEZ-PARDO Matias,Matias,FERNANDEZ-PARDO,FERNANDEZ-PARDO,ES
Bosnia And Herzegovina,BIH,PO,VASILJ Nikola,Nikola,VASILJ,VASILJ,ES
Bosnia And Herzegovina,BIH,DF,MUJAKIC Nihad,Nihad,MUJAKIĆ,MUJAKIĆ,ES
Bosnia And Herzegovina,BIH,DF,HADZIKADUNIC Dennis,Dennis,HADŽIKADUNIĆ,HADŽIKADUNIĆ,ES
Bosnia And Herzegovina,BIH,DF,MUHAREMOVIC Tarik,Tarik,MUHAREMOVIĆ,MUHAREMOVIĆ,ES
Bosnia And Herzegovina,BIH,DF,KOLASINAC Sead,Sead,KOLAŠINAC,KOLAŠINAC,ES
Bosnia And Herzegovina,BIH,MC,TAHIROVIC Benjamin,Benjamin,TAHIROVIC,TAHIROVIĆ,ES
Bosnia And Herzegovina,BIH,DF,DEDIC Amar,Amar,DEDIĆ,DEDIĆ,ES
Bosnia And Herzegovina,BIH,MC,GIGOVIC Armin,Armin,GIGOVIĆ,GIGOVIĆ,ES
Bosnia And Herzegovina,BIH,DC,BAZDAR Samed,Samed,BAŽDAR,BAŽDAR,ES
Bosnia And Herzegovina,BIH,DC,DEMIROVIC Ermedin,Ermedin,DEMIROVIĆ,DEMIROVIĆ,ES
Bosnia And Herzegovina,BIH,DC,DZEKO Edin,Edin,DŽEKO,DŽEKO,ES
Bosnia And Herzegovina,BIH,PO,JURKAS Mladen,Mladen,JURKAS,JURKAS,ES
Bosnia And Herzegovina,BIH,MC,BASIC Ivan,Ivan,BAŠIĆ,BAŠIĆ,ES
Bosnia And Herzegovina,BIH,MC,SUNJIC Ivan,Ivan,ŠUNJIĆ,ŠUNJIĆ,ES
Bosnia And Herzegovina,BIH,MC,MEMIC Amar,Amar,MEMIĆ,MEMIĆ,ES
Bosnia And Herzegovina,BIH,MC,HADZIAHMETOVIC Amir,Amir,HADŽIAHMETOVIĆ,HADŽIAHMETOVIĆ,ES
Bosnia And Herzegovina,BIH,MC,BURNIC Dzenis,Dženis,BURNIĆ,BURNIĆ,ES
Bosnia And Herzegovina,BIH,DF,KATIC Nikola,Nikola,KATIĆ,KATIĆ,ES
Bosnia And Herzegovina,BIH,DC,ALAJBEGOVIC Kerim,Kerim,ALAJBEGOVIĆ,ALAJBEGOVIĆ,ES
Bosnia And Herzegovina,BIH,DC,BAJRAKTAREVIC Esmir,Esmir,BAJRAKTAREVIĆ,BAJRAKTAREVIĆ,ES
Bosnia And Herzegovina,BIH,DF,RADELJIC Stjepan,Stjepan,RADELJIĆ,RADELJIĆ,ES
Bosnia And Herzegovina,BIH,PO,ZLOMISLIC Martin,Martin,ZLOMISLIĆ,ZLOMISLIĆ,ES
Bosnia And Herzegovina,BIH,DC,TABAKOVIC Haris,Haris,TABAKOVIĆ,TABAKOVIĆ,ES
Bosnia And Herzegovina,BIH,DF,MALIC Arjan,Arjan,MALIĆ,MALIĆ,ES
Bosnia And Herzegovina,BIH,DC,LUKIC Jovo,Jovo,LUKIĆ,LUKIĆ,ES
Bosnia And Herzegovina,BIH,MC,MAHMIC Ermin,Ermin,MAHMIĆ,MAHMIĆ,ES
Brazil,BRA,PO,ALISSON,Álisson Ramsés,BECKER,A. BECKER,ES
Brazil,BRA,MC,EDERSON SILVA,Éderson José,DOS SANTOS LOURENÇO DA SILVA,ÉDERSON S.,ES
Brazil,BRA,DF,GABRIEL MAGALHAES,Gabriel,DOS SANTOS MAGALHÃES,GABRIEL,ES
Brazil,BRA,DF,MARQUINHOS,Marcos,AOAS CORREA,MARQUINHOS,ES
Brazil,BRA,MC,CASEMIRO,Carlos Henrique,CASIMIRO,CASEMIRO,ES
Brazil,BRA,DF,ALEX SANDRO,Alex Sandro,LOBO SILVA,ALEX SANDRO,ES
Brazil,BRA,DC,VINICIUS JUNIOR,Vinicius José,PAIXÃO DE OLIVEIRA JÚNIOR,VINI JR.,ES
Brazil,BRA,MC,BRUNO GUIMARAES,Bruno,GUIMARÃES RODRIGUEZ MOURA,BRUNO G.,ES
Brazil,BRA,DC,MATHEUS CUNHA,Matheus,SANTOS CARNEIRO DA CUNHA,CUNHA,ES
Brazil,BRA,DC,NEYMAR JR,Neymar,DA SILVA SANTOS JÚNIOR,NEYMAR JR,ES
Brazil,BRA,DC,RAPHINHA,Raphael,DIAS BELLOLI,RAPHINHA,ES
Brazil,BRA,PO,WEVERTON,Weverton,PEREIRA DA SILVA,WEVERTON,ES
Brazil,BRA,DF,DANILO,Danilo Luiz,DA SILVA,DANILO,ES
Brazil,BRA,DF,BREMER,Gleison Bremer,SILVA NASCIMENTO,BREMER,ES
Brazil,BRA,DF,LEO PEREIRA,Leonardo,PEREIRA,LÉO PEREIRA,ES
Brazil,BRA,DF,DOUGLAS SANTOS,Douglas,DOS SANTOS JUSTINO DE MELO,DOUGLAS S.,ES
Brazil,BRA,MC,FABINHO,Fabio Henrique,TAVARES,FABINHO,ES
Brazil,BRA,MC,DANILO SANTOS,Danilo,DOS SANTOS DE OLIVEIRA,DANILO S.,ES
Brazil,BRA,DC,ENDRICK,Endrick Felipe,MOREIRA DE SOUSA PESSOA,ENDRICK,ES
Brazil,BRA,MC,LUCAS PAQUETA,Lucas,TOLENTINO COELHO DE LIMA,L. PAQUETÁ,ES
Brazil,BRA,DC,LUIZ HENRIQUE,Luiz Henrique André,ROSA DA SILVA,L. HENRIQUE,ES
Brazil,BRA,DC,GABRIEL MARTINELLI,Gabriel,TEODORO MARTINELLI SILVA,MARTINELLI,ES
Brazil,BRA,PO,EDERSON,Ederson,SANTANA DE MORAES,EDERSON,ES
Brazil,BRA,DF,ROGER IBANEZ,Roger,IBAÑEZ DA SILVA,IBAÑEZ,ES
Brazil,BRA,DC,IGOR THIAGO,Igor Thiago,NASCIMENTO RODRIGUES,THIAGO,ES
Brazil,BRA,DC,RAYAN,Rayan Vitor,SIMPLICIO ROCHA,RAYAN,ES
Cabo Verde,CPV,PO,VOZINHA,Josimar José,ÉVORA DIAS,VOZINHA,ES
Cabo Verde,CPV,DF,STOPIRA,Ianique,DOS SANTOS TAVARES,STOPIRA,ES
Cabo Verde,CPV,DF,DINEY BORGES,Edilson Alberto,MONTEIRO SANCHES BORGES,BORGES,ES
Cabo Verde,CPV,DF,PICO LOPES,Roberto Carlos,LOPES,LOPES,ES
Cabo Verde,CPV,DF,LOGAN COSTA,Logan Evans,COSTA,COSTA,ES
Cabo Verde,CPV,MC,KEVIN PINA,Kevin Lenini,GONÇALVES PEREIRA DE PINA,KEVIN L.,ES
Cabo Verde,CPV,MC,JOVANE CABRAL,Jovane Eduardo,BORGES CABRAL,JOVANE,ES
Cabo Verde,CPV,MC,JOAO PAULO,João Paulo,MOREIRA FERNANDES,JOÃO PAULO,ES
Cabo Verde,CPV,DC,GILSON BENCHIMOL,Gilson,BENCHIMOL TAVARES,BENCHIMOL,ES
Cabo Verde,CPV,MC,JAMIRO MONTEIRO,Jamiro Gregory,MONTEIRO ALVARENGA,MONTEIRO,ES
Cabo Verde,CPV,MC,GARRY RODRIGUES,Garry,MENDES RODRIGUES,RODRIGUES,ES
Cabo Verde,CPV,PO,MARCIO ROSA,Márcio Salomão,BRAZÃO DA ROSA,MARCIO,ES
Cabo Verde,CPV,DF,SIDNY LOPES CABRAL,Sidny,LOPES CABRAL,LOPES CABRAL,ES
Cabo Verde,CPV,MC,DEROY DUARTE,Deroy,D'ENCARNAÇÃO DUARTE,D. DUARTE,ES
Cabo Verde,CPV,MC,LAROS DUARTE,Laros Michael,D'ENCARNAÇÃO DUARTE,L. DUARTE,ES
Cabo Verde,CPV,MC,YANNICK SEMEDO,Jair,SEMEDO MONTEIRO,Y. SEMEDO,ES
Cabo Verde,CPV,MC,WILLY SEMEDO,Willy Johnson,SEMEDO AFONSO,SEMEDO,ES
Cabo Verde,CPV,MC,TELMO ARCANJO,Telmo Emanuel,GOMES ARCANJO,ARCANJO,ES
Cabo Verde,CPV,DC,DAILON LIVRAMENTO,Dailon,ROCHA LIVRAMENTO,LIVRAMENTO,ES
Cabo Verde,CPV,DC,RYAN MENDES,Ryan Isaac,DA GRACA MENDES,RYAN,ES
Cabo Verde,CPV,MC,NUNO DA COSTA,Nuno Miguel,DA COSTA JOIA,DA COSTA,ES
Cabo Verde,CPV,DF,STEVEN MOREIRA,Steven,MOREIRA,MOREIRA,ES
Cabo Verde,CPV,PO,CJ DOS SANTOS,Carlos Joaquim,ANTUNES DOS SANTOS,DOS SANTOS,ES
Cabo Verde,CPV,DF,WAGNER PINA,Wagner Fabricio,CARDOSO DE PINA,WAGNER P.,ES
Cabo Verde,CPV,DF,KELVIN PIRES,Kelvin,SPENCER PIRES,KELVIN,ES
Cabo Verde,CPV,MC,HELIO VARELA,Hélio Sandro,OLIVEIRA ALVES VARELA,HÉLIO,ES
Canada,CAN,PO,ST. CLAIR Dayne,Dayne Tristan,ST. CLAIR,ST. CLAIR,ES
Canada,CAN,DF,JOHNSTON Alistair,Alistair William,JOHNSTON,JOHNSTON,ES
Canada,CAN,DF,JONES Al«e,Al«e Charles,JONES,JONES,ES
Canada,CAN,DF,DE FOUGEROLLES Luc,Luc,ROLLET DE FOUGEROLLES,DE FOUGEROLLES,ES
Canada,CAN,DF,WATERMAN Joel,Joel Robert,WATERMAN,WATERMAN,ES
Canada,CAN,MC,CHOINIERE Mathieu,Mathieu,CHOINIÈRE,CHOINIÈRE,ES
Canada,CAN,MC,EUSTAQUIO Stephen,Stephen,EUSTAQUIO,EUSTÁQUIO,ES
Canada,CAN,MC,KONE Ismael,Ismaël Kenneth Jordan,KONE,KONÉ,ES
Canada,CAN,DC,LARIN Cyle,Cyle Christopher,LARIN,LARIN,ES
Canada,CAN,DC,DAVID Jonathan,Jonathan Christian,DAVID,J. DAVID,ES
Canada,CAN,MC,MILLAR Liam,Liam Alan,MILLAR,MILLAR,ES
Canada,CAN,DC,OLUWASEYI Tani,Tanitoluwa Oluwatimilehin,OLUWASEYI,OLUWASEYI,ES
Canada,CAN,DF,CORNELIUS Derek,Derek Austin,CORNELIUS,CORNELIUS,ES
Canada,CAN,MC,SHAFFELBURG Jacob,Jacob Everett,SHAFFELBURG,SHAFFELBURG,ES
Canada,CAN,DF,BOMBITO Moise,Moïse Bombito,LUMPUNGU,BOMBITO,ES
Canada,CAN,PO,CREPEAU Maxime,Maxime,CRÉPEAU,CRÉPEAU,ES
Canada,CAN,DC,BUCHANAN Tajon,Tajon Trevor,BUCHANAN,BUCHANAN,ES
Canada,CAN,PO,GOODMAN Owen,Owen Olamidayo,GOODMAN,GOODMAN,ES
Canada,CAN,DF,DAVIES Alphonso,Alphonso Boyle,DAVIES,DAVIES,ES
Canada,CAN,DC,AHMED Ali,Ali,AHMED,AHMED,ES
Canada,CAN,MC,OSORIO Jonathan,Jonathan,OSORIO,OSORIO,ES
Canada,CAN,DF,LARYEA Richie,Richmond Mamah,LARYEA,LARYEA,ES
Canada,CAN,DF,SIGUR Niko,Niko Kristian,SIGUR,SIGUR,ES
Canada,CAN,DC,DAVID Promise,Promise Oluwatobi Emmanuel,DAVID,PROMISE,ES
Canada,CAN,MC,SALIBA Nathan,Nathan-Dylan,SALIBA,SALIBA,ES
Canada,CAN,DC,NELSON Jayden,Jayden,NELSON,NELSON,ES
Colombia,COL,PO,OSPINA David,David,OSPINA RAMIREZ,OSPINA,ES
Colombia,COL,DF,MUNOZ Daniel,Daniel,MUÑOZ MEJIA,D. MUÑOZ,ES
Colombia,COL,DF,LUCUMI Jhon,Jhon Janer,LUCUMI BONILLA,J. LUCUMI,ES
Colombia,COL,DF,ARIAS Santiago,Santiago,ARIAS NARANJO,ARIAS,ES
Colombia,COL,MC,CASTANO Kevin,Kevin Duvan,CASTAÑO GIL,K. CASTAÑO,ES
Colombia,COL,MC,RIOS Richard,Richard,RÍOS MONTOYA,RICHARD RIOS,ES
Colombia,COL,DC,DIAZ Luis,Luis Fernando,DÍAZ MARULANDA,LUIS DIAZ,ES
Colombia,COL,MC,CARRASCAL Jorge,Jorge Andres,CARRASCAL GUARDO,CARRASCAL,ES
Colombia,COL,DC,CORDOBA Jhon,Jhon Andrés,CÓRDOBA COPETE,CORDOBA,ES
Colombia,COL,MC,RODRIGUEZ James,James David,RODRÍGUEZ RUBIO,JAMES,ES
Colombia,COL,MC,ARIAS Jhon,Jhon Adolfo,ARIAS ANDRADE,J. ARIAS,ES
Colombia,COL,PO,VARGAS Camilo,Camilo Andres,VARGAS GIL,C. VARGAS,ES
Colombia,COL,DF,MINA Yerry,Yerry Fernando,MINA GONZALEZ,Y. MINA,ES
Colombia,COL,DF,PUERTA Gustavo,Gustavo Adolfo,PUERTA MOLANO,PUERTA,ES
Colombia,COL,MC,PORTILLA Juan,Juan Camilo,PORTILLA OROZCO,PORTILLA,ES
Colombia,COL,MC,LERMA Jefferson,Jefferson Andrés,LERMA SOLIS,J. LERMA,ES
Colombia,COL,DF,MOJICA Johan,Johan Andrés,MOJICA PALACIO,J. MOJICA,ES
Colombia,COL,DF,DITTA Willer,Willer Emilio,DITTA PEREZ,W. DITTA,ES
Colombia,COL,DC,HERNANDEZ Cucho,Juan Camilo,HERNANDEZ SUAREZ,C. HERNANDEZ,ES
Colombia,COL,MC,QUINTERO Juan,Juan Fernando,QUINTERO PANIAGUA,QUINTERO,ES
Colombia,COL,DC,CAMPAZ Jaminton,Jaminton Leandro,CAMPAZ,CAMPAZ,ES
Colombia,COL,DF,MACHADO Deiver,Deiver,MACHADO MENA,MACHADO,ES
Colombia,COL,DF,SANCHEZ Davinson,Davinson,SÁNCHEZ MINA,SANCHEZ,ES
Colombia,COL,PO,MONTERO Alvaro,Álvaro David,MONTERO PERALES,MONTERO,ES
Colombia,COL,DC,SUAREZ Luis,Luis Javier,SUÁREZ CHARRIS,SUAREZ,ES
Colombia,COL,DC,GOMEZ Andres,Carlos Andrés,GÓMEZ HINESTROZA,A. GOMEZ,ES
Congo DR,COD,PO,MPASI Lionel,Lionel Nzau,MPASI,MPASI,ES
Congo DR,COD,DF,WAN-BISSAKA Aaron,Wan,BISSAKA,WAN BISSAKA,ES
Congo DR,COD,DF,KAPUADI Steve,Steve Nkanu,KAPUADI,KAPUADI,ES
Congo DR,COD,DF,TUANZEBE Axel,Axel,TUANZEBE,TUANZEBE,ES
Congo DR,COD,DF,BATUBINSIKA Dylan,Dylan Buduka,BATUBINSIKA,BATUBINSIKA,ES
Congo DR,COD,MC,MUKAU Ngalayel,Ngal’ayel,MUKAU,MUKAU,ES
Congo DR,COD,MC,MBUKU Nathanael,Nathanaël,MBUKU,MBUKU,ES
Congo DR,COD,MC,MOUTOUSSAMY Samuel,Samuel Alain,MOUTOUSSAMY,MOUTOUSSAMY,ES
Congo DR,COD,DC,CIPENGA Brian,Kibambe Brian,CIPENGA,CIPENGA,ES
Congo DR,COD,MC,BONGONDA Theo,Theo Mbulofeko Batombo,BONGONDA,BONGONDA,ES
Congo DR,COD,DC,KAKUTA Gael,Mambenga Gaël Roméo,KAKUTA,KAKUTA,ES
Congo DR,COD,DF,KAYEMBE Joris,Joris,KAYEMBE-DITU,J. KAYEMBE,ES
Congo DR,COD,DC,ELIA Meschack,Meschack Lina,ELIA,MESCHACK,ES
Congo DR,COD,MC,SADIKI Noah,Noah Junior,SADIKI,SADIKI,ES
Congo DR,COD,MC,TSHIBOLA Aaron,Tshibola,AARON,TSHIBOLA,ES
Congo DR,COD,PO,FAYULU Timothy,Timothy Bruce Munzoko,FAYULU,FAYULU,ES
Congo DR,COD,DC,BAKAMBU Cedric,Cedric,BAKAMBU,BAKAMBU,ES
Congo DR,COD,MC,PICKEL Charles,Charles Monginda,PICKEL,PICKEL,ES
Congo DR,COD,DC,MAYELE Fiston,Mayele Fiston,KALALA,MAYELE,ES
Congo DR,COD,DC,WISSA Yoane,Yoane,WISSA,WISSA,ES
Congo DR,COD,PO,EPOLO Matthieu,Matthieu Luka,EPOLO,EPOLO,ES
Congo DR,COD,DF,MBEMBA Chancel,Mangulu Chancel,MBEMBA,MBEMBA,ES
Congo DR,COD,DC,BANZA Simon,Simon Bokote,BANZA,BANZA,ES
Congo DR,COD,DF,KALULU Gedeon,Gédéon Tchingoma Kyatengwa,KALULU,KALULU,ES
Congo DR,COD,MC,KAYEMBE Edo,Edo Kayembe,KAYEMBE,E. KAYEMBE,ES
Congo DR,COD,DF,MASUAKU Arthur,Arthur Fuka,MASUAKU KAWELA,MASUAKU,ES
Côte D'Ivoire,CIV,PO,FOFANA Yahia,Yahia,FOFANA,Y. FOFANA,ES
Côte D'Ivoire,CIV,DF,DIOMANDE Ousmane,Ousmane,DIOMANDE,O. DIOMANDE,ES
Côte D'Ivoire,CIV,DF,KONAN Ghislain,N'clomande Ghislain,KONAN,G. KONAN,ES
Côte D'Ivoire,CIV,MC,SERI Jean Michael,Jean Michael,SERI,SERI,ES
Côte D'Ivoire,CIV,DF,SINGO Wilfried,Wilfried Stephane,SINGO,SINGO,ES
Côte D'Ivoire,CIV,MC,FOFANA Seko,Seko Mohamed,FOFANA,FOFANA,ES
Côte D'Ivoire,CIV,DF,KOSSOUNOU Odilon,Kouakou Odilon Dorgeless,KOSSOUNOU,KOSSOUNOU,ES
Côte D'Ivoire,CIV,MC,KESSIE Franck,Franck Yannick,KESSIE,KESSIE,ES
Côte D'Ivoire,CIV,DC,BONNY Ange-Yoan,Ange-Yoan Laurent,BONNY,BONNY,ES
Côte D'Ivoire,CIV,DC,ADINGRA Simon,Simon,ADINGRA,ADINGRA,ES
Côte D'Ivoire,CIV,DC,DIOMANDE Yan,Yan,DIOMANDE,YAN DIOMANDE,ES
Côte D'Ivoire,CIV,DC,WAHI Elye,Sepe Elye Delmas,WAHI,WAHI,ES
Côte D'Ivoire,CIV,DF,OPERI Christopher,Christopher Tea Domoraud,OPERI,OPERI,ES
Côte D'Ivoire,CIV,DC,DIAKITE Oumar,Oumar,DIAKITE,DIAKITE,ES
Côte D'Ivoire,CIV,DC,DIALLO Amad,Amad,DIALLO,AMAD,ES
Côte D'Ivoire,CIV,PO,KONE Mohamed,Mohamed,KONE,KONE,ES
Côte D'Ivoire,CIV,DF,DOUE Guela,Guela Maho-Lewis,DOUE,G. DOUE,ES
Côte D'Ivoire,CIV,MC,SANGARE Ibrahim,Ibrahim,SANGARE,SANGARE,ES
Côte D'Ivoire,CIV,DC,PEPE Nicolas,Nicolas,PEPE,PEPE,ES
Côte D'Ivoire,CIV,DF,AGBADOU Emmanuel,Badobre Emmanuel Elysee Djedje,AGBADOU,AGBADOU,ES
Côte D'Ivoire,CIV,DF,NDICKA Evan,Obite Evan,NDICKA,NDICKA,ES
Côte D'Ivoire,CIV,DC,GUESSAND Evann,Evann Ludovic Vidjannagni,GUESSAND,GUESSAND,ES
Côte D'Ivoire,CIV,PO,LAFONT Alban,Alban-Marc,LAFONT,LAFONT,ES
Côte D'Ivoire,CIV,DC,TOURE Bazoumana,Bazoumana,TOURE,TOURE,ES
Côte D'Ivoire,CIV,MC,GUIAGON Parfait,Parfait,GUIAGON,GUIAGON,ES
Côte D'Ivoire,CIV,MC,OULAI Christ Inao,Christ Ravynel Inao,OULAI,INAO,ES
Croatia,CRO,PO,LIVAKOVIC Dominik,Dominik,LIVAKOVIĆ,LIVAKOVIĆ,ES
Croatia,CRO,DF,STANISIC Josip,Josip,STANIŠIĆ,STANIŠIĆ,ES
Croatia,CRO,DF,PONGRACIC Marin,Marin,PONGRAČIĆ,PONGRAČIĆ,ES
Croatia,CRO,DF,GVARDIOL Josko,Joško,GVARDIOL,GVARDIOL,ES
Croatia,CRO,DF,CALETA-CAR Duje,Duje,ĆALETA-CAR,ĆALETA-CAR,ES
Croatia,CRO,DF,SUTALO Josip,Josip,ŠUTALO,ŠUTALO,ES
Croatia,CRO,MC,MORO Nikola,Nikola,MORO,MORO,ES
Croatia,CRO,MC,KOVACIC Mateo,Mateo,KOVAČIĆ,KOVAČIĆ,ES
Croatia,CRO,DC,KRAMARIC Andrej,Andrej,KRAMARIĆ,KRAMARIĆ,ES
Croatia,CRO,MC,MODRIC Luka,Luka,MODRIĆ,MODRIĆ,ES
Croatia,CRO,DC,BUDIMIR Ante,Ante,BUDIMIR,BUDIMIR,ES
Croatia,CRO,PO,PANDUR Ivor,Ivor,PANDUR,PANDUR,ES
Croatia,CRO,MC,VLASIC Nikola,Nikola,VLAŠIĆ,VLAŠIĆ,ES
Croatia,CRO,DC,PERISIC Ivan,Ivan,PERIŠIĆ,PERIŠIĆ,ES
Croatia,CRO,MC,PASALIC Mario,Mario,PAŠALIĆ,PAŠALIĆ,ES
Croatia,CRO,MC,BATURINA Martin,Martin,BATURINA,BATURINA,ES
Croatia,CRO,MC,SUCIC Petar,Petar,SUČIĆ,P. SUČIĆ,ES
Croatia,CRO,DF,JAKIC Kristijan,Kristijan,JAKIĆ,JAKIĆ,ES
Croatia,CRO,MC,FRUK Toni,Toni,FRUK,FRUK,ES
Croatia,CRO,DC,MATANOVIC Igor,Igor,MATANOVIĆ,MATANOVIĆ,ES
Croatia,CRO,MC,SUCIC Luka,Luka,SUČIĆ,SUČIĆ,ES
Croatia,CRO,DF,VUSKOVIC Luka,Luka,VUŠKOVIĆ,VUŠKOVIĆ,ES
Croatia,CRO,PO,KOTARSKI Dominik,Dominik,KOTARSKI,KOTARSKI,ES
Croatia,CRO,DC,PASALIC Marco,Marco,PAŠALIĆ,M. PAŠALIĆ,ES
Croatia,CRO,DF,ERLIC Martin,Martin,ERLIĆ,ERLIĆ,ES
Croatia,CRO,DC,MUSA Petar,Petar,MUSA,MUSA,ES
Curaçao,CUW,PO,ROOM Eloy,Eloy Victor,ROOM,ROOM,ES
Curaçao,CUW,DF,SAMBO Shurandy,Shurandy Ruggerio,SAMBO,SAMBO,ES
Curaçao,CUW,DF,GAARI Jurien,Juriën Godfried Juan,GAARI,GAARI,ES
Curaçao,CUW,DF,VAN EIJMA Roshon,Róshón Felix Romar Jordan,VAN EIJMA,VAN EIJMA,ES
Curaçao,CUW,DF,FLORANUS Sherel,Sherel Constancio,FLORANUS,FLORANUS,ES
Curaçao,CUW,MC,ROEMERATOE Godfried,Godfried,ROEMERATOE,ROEMERATOE,ES
Curaçao,CUW,MC,BACUNA Juninho,Juninho Gracielo,BACUNA,J. BACUNA,ES
Curaçao,CUW,MC,COMENENCIA Livano,Livano Shyron Liomar,COMENENCIA,COMENENCIA,ES
Curaçao,CUW,DC,LOCADIA Juergen,Jürgen Leonardo,LOCADIA,LOCADIA,ES
Curaçao,CUW,MC,BACUNA Leandro,Leandro Jones Johan,BACUNA,L. BACUNA,ES
Curaçao,CUW,DC,ANTONISSE Jeremy,Jeremy Cornelis Jacobus,ANTONISSE,ANTONISSE,ES
Curaçao,CUW,DC,HANSEN Sontje,Misjonne Juniffer Naigelino,HANSEN,HANSEN,ES
Curaçao,CUW,DC,NOSLIN Tyrese,Tyrese Yurvencey,NOSLIN,NOSLIN,ES
Curaçao,CUW,DC,GORRE Kenji,Kenji Joël,GORRÉ,GORRÉ,ES
Curaçao,CUW,MC,MARTHA Arjany,Ar'jany Jainel Archenir,MARTHA,MARTHA,ES
Curaçao,CUW,DC,MARGARITHA Jearl,Jearl Erwin,MARGARITHA,MARGARITHA,ES
Curaçao,CUW,DC,KUWAS Brandley,Brandley Mack-Olien,KUWAS,KUWAS,ES
Curaçao,CUW,DF,OBISPO Armando,Armando Maria,OBISPO,OBISPO,ES
Curaçao,CUW,DC,KASTANEER Gervane,Gervane Zjandric Adonnis,KASTANEER,KASTANEER,ES
Curaçao,CUW,DF,BRENET Joshua,Joshua Benjamin,BRENET,BRENET,ES
Curaçao,CUW,MC,CHONG Tahith,Tahith Jose Girigorio Djorkaef,CHONG,CHONG,ES
Curaçao,CUW,MC,FELIDA Kevin,Kevin Antonio,FELIDA,FELIDA,ES
Curaçao,CUW,DF,BAZOER Riechedly,Riechedly Guillermo,BAZOER,BAZOER,ES
Curaçao,CUW,DF,FONVILLE Deveron,Deveron Lenny,FONVILLE,FONVILLE,ES
Curaçao,CUW,PO,BODAK Tyrick,Tyrick Jeremy,BODAK,BODAK,ES
Curaçao,CUW,PO,DOORNBUSCH Trevor,Trevor Irving,DOORNBUSCH,DOORNBUSCH,ES
Czechia,CZE,PO,KOVAR Matej,Matěj,KOVÁŘ,KOVÁŘ,ES
Czechia,CZE,DF,ZIMA David,David,ZIMA,ZIMA,ES
Czechia,CZE,DF,HOLES Tomas,Tomáš,HOLEŠ,HOLEŠ,ES
Czechia,CZE,DF,HRANAC Robin,Robin,HRANÁČ,HRANÁČ,ES
Czechia,CZE,DF,COUFAL Vladimir,Vladimír,COUFAL,COUFAL,ES
Czechia,CZE,DF,CHALOUPEK Stepan,Štěpán,CHALOUPEK,CHALOUPEK,ES
Czechia,CZE,DF,KREJCI Ladislav,Ladislav,KREJČÍ,KREJČÍ,ES
Czechia,CZE,MC,DARIDA Vladimir,Vladimír,DARIDA,DARIDA,ES
Czechia,CZE,DC,HLOZEK Adam,Adam,HLOŽEK,HLOŽEK,ES
Czechia,CZE,DC,SCHICK Patrik,Patrik,SCHICK,SCHICK,ES
Czechia,CZE,DC,KUCHTA Jan,Jan,KUCHTA,KUCHTA,ES
Czechia,CZE,MC,CERV Lukas,Lukáš,ČERV,ČERV,ES
Czechia,CZE,DC,CHYTIL Mojmir,Mojmír,CHYTIL,CHYTIL,ES
Czechia,CZE,DF,JURASEK David,David,JURÁSEK,JURÁSEK,ES
Czechia,CZE,DC,SULC Pavel,Pavel,ŠULC,ŠULC,ES
Czechia,CZE,PO,STANEK Jindrich,Jindřich,STANĚK,STANĚK,ES
Czechia,CZE,MC,PROVOD Lukas,Lukáš,PROVOD,PROVOD,ES
Czechia,CZE,MC,SADILEK Michal,Michal,SADÍLEK,SADÍLEK,ES
Czechia,CZE,DC,CHORY Tomas,Tomáš,CHORÝ,CHORÝ,ES
Czechia,CZE,DF,ZELENY Jaroslav,Jaroslav,ZELENÝ,ZELENÝ,ES
Czechia,CZE,DF,DOUDERA David,David,DOUDĚRA,DOUDĚRA,ES
Czechia,CZE,MC,SOUCEK Tomas,Tomáš,SOUČEK,SOUČEK,ES
Czechia,CZE,PO,HORNICEK Lukas,Lukáš,HORNÍČEK,HORNÍČEK,ES
Czechia,CZE,MC,SOJKA Alexandr,Alexandr,SOJKA,SOJKA,ES
Czechia,CZE,MC,SOCHUREK Hugo,Hugo,SOCHŮREK,SOCHŮREK,ES
Czechia,CZE,DC,VISINSKY Denis,Denis,VIŠINSKÝ,VIŠINSKÝ,ES
Ecuador,ECU,PO,GALINDEZ Hernan,Hernán Ismael,GALÍNDEZ,GALINDEZ,ES
Ecuador,ECU,DF,TORRES Felix,Félix Eduardo,TORRES CAICEDO,TORRES,ES
Ecuador,ECU,DF,HINCAPIE Piero,Piero Martin,HINCAPIÉ REYNA,HINCAPIE,ES
Ecuador,ECU,DF,ORDONEZ Joel,Joel Leandro,ORDÓÑEZ GUERRERO,ORDÓÑEZ,ES
Ecuador,ECU,MC,ALCIVAR Jordy,Jordy Jose,ALCÍVAR MACÍAS,ALCIVAR,ES
Ecuador,ECU,DF,PACHO Willian,Willian Joel,PACHO TENORIO,PACHO,ES
Ecuador,ECU,DF,ESTUPINAN Pervis,Pervis Josue,ESTUPIÑÁN TENORIO,ESTUPIÑÁN,ES
Ecuador,ECU,MC,VALENCIA Anthony,Anthony Lenin,VALENCIA BAJAÑA,A. VALENCIA,ES
Ecuador,ECU,DC,YEBOAH John,John,YEBOAH ZAMORA,YEBOAH ZAMORA,ES
Ecuador,ECU,MC,PAEZ Kendry,Ray Kendry,PAEZ ANDRADE,KENDRY,ES
Ecuador,ECU,DC,RODRIGUEZ Kevin,Kevin Jose,RODRÍGUEZ CORTEZ,RODRIGUEZ,ES
Ecuador,ECU,PO,RAMIREZ Moises,Wellington Moisés,RAMÍREZ PRECIADO,RAMÍREZ,ES
Ecuador,ECU,DC,VALENCIA Enner,Enner Remberto,VALENCIA LASTRA,E. VALENCIA,ES
Ecuador,ECU,MC,MINDA Alan,Alan Steve,MINDA GARCIA,MINDA,ES
Ecuador,ECU,MC,VITE Pedro,Pedro Jeampierre,VITE UCA,VITE,ES
Ecuador,ECU,DC,CAICEDO Jordy,Jordy Josue,CAICEDO MEDINA,J. CAICEDO,ES
Ecuador,ECU,DF,PRECIADO Angelo,Ángelo Smit,PRECIADO QUIÑONEZ,PRECIADO,ES
Ecuador,ECU,MC,CASTILLO Denil,Denil Daniel,CASTILLO PRECIADO,CASTILLO,ES
Ecuador,ECU,DC,PLATA Gonzalo,Gonzalo Jordy,PLATA JIMENEZ,PLATA,ES
Ecuador,ECU,DC,ANGULO Nilson,Nilson David,ANGULO RAMIREZ,ANGULO,ES
Ecuador,ECU,MC,FRANCO Alan,Alan Steven,FRANCO PALMA,FRANCO,ES
Ecuador,ECU,PO,VALLE Gonzalo,Gonzalo Roberto,VALLE BUSTAMANTE,VALLE,ES
Ecuador,ECU,MC,CAICEDO Moises,Moisés Isaac,CAICEDO COROZO,M. CAICEDO,ES
Ecuador,ECU,DC,AREVALO Jeremy,Jeremy Alberto,AREVALO MERA,AREVALO,ES
Ecuador,ECU,DF,POROZO Jackson,Jackson Gabriel,POROZO VERNAZA,POROZO,ES
Ecuador,ECU,DF,MEDINA Yaimar,Yaimar Abel,MEDINA ORTIZ,MEDINA,ES
Egypt,EGY,PO,MOHAMED ELSHENAWY,Mohamed Elsayed Mohamed,ELSHENAWY GOMAA,M. ELSHENAWY,ES
Egypt,EGY,DF,YASSER IBRAHIM,Yasser Ahmed Ibrahim,ELHANAFY,YASSER,ES
Egypt,EGY,DF,MOHAMED HANY,Mohamed Hany Gamal,ELDEMERDASH,M. HANY,ES
Egypt,EGY,DF,HOSSAM ABDELMAGUID,Hossam Abdelmegeed Abdelsalam,ABDELMEGEED,HOSSAM,ES
Egypt,EGY,DF,RAMY RABIA,Ramy Hisham Abdelaziz Moustafa,RABIA,R. RABIAA,ES
Egypt,EGY,DF,MOHAMED ABDELMONEIM,Mohamed Abdelmoneim Elsayed M,AHMED,M. ABDELMONIEM,ES
Egypt,EGY,DC,TREZEGUET,Mahmoud Ahmed Ibrahim,HASSAN,M. TREZEGUET,ES
Egypt,EGY,MC,EMAM ASHOUR,Emam Ashour Metwaly,ABDELGHANY,E. ASHOUR,ES
Egypt,EGY,DC,HAMZA ABDELKARIM,Hamza Mohamed Abdelkarim E,SELIM,ABDELKARIM,ES
Egypt,EGY,DC,MOHAMED SALAH,Mohamed Salah Hamed Mahrous,GHALY,M. SALAH,ES
Egypt,EGY,MC,MOSTAFA ZICO,Mostafa Mohamed Zaky,ABDELRAOUF,ZICO,ES
Egypt,EGY,DC,HAISSEM HASSAN,Haissem Yousry Fouad A,HASSAN,H. HASSAN,ES
Egypt,EGY,DF,AHMED FATOUH,Ahmed Mohamed Aboelfetouh,MOHAMED,A. FATOUH,ES
Egypt,EGY,MC,HAMDY FATHY,Hamdy Fathy Abdelhalim,ABDELFATTAH,H. FATHY,ES
Egypt,EGY,DF,KARIM HAFEZ,Karim Hafez Ramadan,SEIFELDIN,K. HAFEZ,ES
Egypt,EGY,PO,MAHDY SOLIMAN,Mahdy Mohamed Soliman,IBRAHIM,M. SOLIMAN,ES
Egypt,EGY,MC,MOHANAD LASHIN,Mohanad Mostafa Ahmed A,LASHIN,M. LASHIN,ES
Egypt,EGY,MC,NABIL DONGA,Nabil Emad Aly Elmahdy,ALY,DONGA,ES
Egypt,EGY,MC,MARAWAN ATTIA,Marawan Attia Fahim,GHALLAB,M. ATTIA,ES
Egypt,EGY,DC,IBRAHIM ADEL,Ibrahim Adel Aly Mohamed,HASSAN,I. ADEL,ES
Egypt,EGY,MC,MAHMOUD SABER,Mahmoud Saber Abdelmohsen H,ABDELMOHSEN,M. SABER,ES
Egypt,EGY,DC,OMAR MARMOUSH,Omar Khaled Mohamed Abdelsalam,MARMOUSH,MARMOUSH,ES
Egypt,EGY,PO,MOSTAFA SHOUBIR,Mostafa Ahmed Abdelaziz Mohame,SHOUBIR,SHOUBIR,ES
Egypt,EGY,DF,TAREK ALAA,Tarek Alaa Abdelghaffar Abdel,ELGEBALY,T. ALAA,ES
Egypt,EGY,DC,ZIZO,Ahmed Mostafa Mohamed,SAYED,ZIZO,ES
Egypt,EGY,PO,MOHAMED ALAA,Mohamed Alaaeldin Soliman M,AHMED,M. ALAA,ES
England,ENG,PO,PICKFORD Jordan,Jordan Lee,PICKFORD,PICKFORD,ES
England,ENG,DF,KONSA Ezri,Ezri Ngoyo,KONSA,KONSA,ES
England,ENG,DF,OREILLY Nico,Nico,O'REILLY,O'REILLY,ES
England,ENG,MC,RICE Declan,Declan,RICE,RICE,ES
England,ENG,DF,STONES John,John,STONES,STONES,ES
England,ENG,DF,GUEHI Marc,Addji Keaninkin Marc-Isreal,GUEHI,GUÉHI,ES
England,ENG,DC,SAKA Bukayo,Bukayo Ayoyinka,SAKA,SAKA,ES
England,ENG,MC,ANDERSON Elliot,Elliot Junior,ANDERSON,ANDERSON,ES
England,ENG,DC,KANE Harry,Harry Edward,KANE,KANE,ES
England,ENG,MC,BELLINGHAM Jude,Jude Victor William,BELLINGHAM,BELLINGHAM,ES
England,ENG,DC,RASHFORD Marcus,Marcus,RASHFORD,RASHFORD,ES
England,ENG,DF,CHALOBAH Trevoh,Trevoh Tom,CHALOBAH,CHALOBAH,ES
England,ENG,PO,HENDERSON Dean,Dean Bradley,HENDERSON,D. HENDERSON,ES
England,ENG,MC,HENDERSON Jordan,Jordan Brian,HENDERSON,HENDERSON,ES
England,ENG,DF,BURN Dan,Daniel Johnson,BURN,BURN,ES
England,ENG,MC,MAINOO Kobbie,Kobbie Boateng,MAINOO,MAINOO,ES
England,ENG,MC,ROGERS Morgan,Morgan Elliot,ROGERS,ROGERS,ES
England,ENG,DC,GORDON Anthony,Anthony Michael,GORDON,GORDON,ES
England,ENG,DC,WATKINS Ollie,Oliver George Arthur,WATKINS,WATKINS,ES
England,ENG,DC,MADUEKE Noni,Chukwunonso Azuka Tristan,MADUEKE,MADUEKE,ES
England,ENG,MC,EZE Eberechi,Eberechi Oluchi,EZE,EZE,ES
England,ENG,DC,TONEY Ivan,Ivan Benjamin Elijah,TONEY,TONEY,ES
England,ENG,PO,TRAFFORD James,James Harrington,TRAFFORD,TRAFFORD,ES
England,ENG,DF,JAMES Reece,Reece Lewis,JAMES,JAMES,ES
England,ENG,DF,SPENCE Djed,Diop Tehuti Djed-Hotep,SPENCE,SPENCE,ES
England,ENG,DF,QUANSAH Jarell,Jarell Amorin,QUANSAH,QUANSAH,ES
France,FRA,PO,SAMBA Brice,Brice Lauriche,SAMBA,SAMBA,ES
France,FRA,DF,GUSTO Malo,Malo Arthur,GUSTO,GUSTO,ES
France,FRA,DF,DIGNE Lucas,Lucas,DIGNE,DIGNE,ES
France,FRA,DF,UPAMECANO Dayot,Dayotchanculle Oswald,UPAMECANO,UPAMECANO,ES
France,FRA,DF,KOUNDE Jules,Jules Olivier,KOUNDE,KOUNDE,ES
France,FRA,MC,KONE Manu,Kouadio Emmanuel Boris,KONE,KONE,ES
France,FRA,DC,DEMBELE Ousmane,Masour Ousmane,DEMBELE,DEMBELE,ES
France,FRA,MC,TCHOUAMENI Aurelien,Aurélien Djani,TCHOUAMENI,TCHOUAMENI,ES
France,FRA,DC,THURAM Marcus,Marcus Lilian,THURAM-ULIEN,THURAM,ES
France,FRA,DC,MBAPPE Kylian,Kylian,MBAPPE LOTTIN,MBAPPE,ES
France,FRA,DC,OLISE Michael,Michael Akpovie,OLISE,OLISE,ES
France,FRA,DC,BARCOLA Bradley,Bradley Jean-Manuel Essolisa A,BARCOLA,BARCOLA,ES
France,FRA,MC,KANTE Ngolo,N'golo,KANTE,KANTE,ES
France,FRA,MC,RABIOT Adrien,Adrien Thibault Marie,RABIOT,RABIOT,ES
France,FRA,DF,KONATE Ibrahima,Ibrahima,KONATÉ,KONATE,ES
France,FRA,PO,MAIGNAN Mike,Mike Peterson,MAIGNAN,MAIGNAN,ES
France,FRA,DF,SALIBA William,William Alain André Gabriel,SALIBA,SALIBA,ES
France,FRA,MC,ZAIRE-EMERY Warren,Warren Marie Jean-Pierre,ZAÏRE-EMERY,ZAIRE-EMERY,ES
France,FRA,DF,HERNANDEZ Theo,Théo Bernard François,HERNANDEZ,T. HERNANDEZ,ES
France,FRA,DC,DOUE Desire,Désiré Nonka-Maho,DOUE,DOUE,ES
France,FRA,DF,HERNANDEZ Lucas,Lucas Francois Bernard,HERNANDEZ,L. HERNANDEZ,ES
France,FRA,DC,MATETA Jean-Philippe,Jean-Philippe,MATETA,MATETA,ES
France,FRA,PO,RISSER Robin,Robin François Philippe,RISSER,RISSER,ES
France,FRA,MC,CHERKI Rayan,Mathis Rayan,CHERKI,CHERKI,ES
France,FRA,MC,AKLIOUCHE Maghnes,Maghnes,AKLIOUCHE,AKLIOUCHE,ES
France,FRA,DF,LACROIX Maxence,Maxence Guy,LACROIX,LACROIX,ES
Germany,GER,PO,NEUER Manuel,Manuel Peter,NEUER,NEUER,ES
Germany,GER,DF,RUEDIGER Antonio,Antonio,RÜDIGER,RÜDIGER,ES
Germany,GER,DF,ANTON Waldemar,Waldemar,ANTON,ANTON,ES
Germany,GER,DF,TAH Jonathan,Jonathan Glao,TAH,TAH,ES
Germany,GER,MC,PAVLOVIC Aleksandar,Aleksandar,PAVLOVIĆ,PAVLOVIĆ,ES
Germany,GER,DF,KIMMICH Joshua,Joshua Walter,KIMMICH,KIMMICH,ES
Germany,GER,DC,HAVERTZ Kai,Kai Lukas,HAVERTZ,HAVERTZ,ES
Germany,GER,MC,GORETZKA Leon,Leon Christoph,GORETZKA,GORETZKA,ES
Germany,GER,MC,LEWELING Jamie,Jamie Jaleel Jeremy,LEWELING,LEWELING,ES
Germany,GER,MC,MUSIALA Jamal,Jamal,MUSIALA,MUSIALA,ES
Germany,GER,DC,WOLTEMADE Nick,Nick,WOLTEMADE,WOLTEMADE,ES
Germany,GER,PO,BAUMANN Oliver,Oliver,BAUMANN,BAUMANN,ES
Germany,GER,MC,GROSS Pascal,Pascal Alexander,GROß,GROß,ES
Germany,GER,DC,BEIER Maximilian,Maximilian,BEIER,BEIER,ES
Germany,GER,DF,SCHLOTTERBECK Nico,Nico Cédric,SCHLOTTERBECK,SCHLOTTERBECK,ES
Germany,GER,MC,STILLER Angelo,Angelo Nicolas,STILLER,STILLER,ES
Germany,GER,MC,WIRTZ Florian,Florian Richard,WIRTZ,WIRTZ,ES
Germany,GER,DF,BROWN Nathaniel,Nathaniel Christopher,BROWN,BROWN,ES
Germany,GER,MC,SANE Leroy,Leroy Aziz,SANÉ,SANÉ,ES
Germany,GER,MC,AMIRI Nadiem,Nadiem,AMIRI,AMIRI,ES
Germany,GER,PO,NUEBEL Alexander,Alexander,NÜBEL,NÜBEL,ES
Germany,GER,DF,RAUM David,David,RAUM,RAUM,ES
Germany,GER,MC,NMECHA Felix,Felix Kalu,NMECHA,NMECHA,ES
Germany,GER,DF,THIAW Malick,Malick,THIAW,THIAW,ES
Germany,GER,MC,OUEDRAOGO Assan,Forzan Assan,OUÉDRAOGO,OUÉDRAOGO,ES
Germany,GER,DC,UNDAV Deniz,Deniz,UNDAV,UNDAV,ES
Ghana,GHA,PO,ZIGI Lawrence Ati,Lawrence Ati,ZIGI,ZIGI,ES
Ghana,GHA,DF,SEIDU Alidu,Alidu,SEIDU,ALIDU SEIDU,ES
Ghana,GHA,MC,YIRENKYI Caleb,Caleb Marfo,YIRENKYI,YIRENKYI,ES
Ghana,GHA,DF,ADJETEY Jonas,Jonas Adjei,ADJETEY,ADJETEY,ES
Ghana,GHA,MC,PARTEY Thomas,Thomas Teye,PARTEY,PARTEY,ES
Ghana,GHA,DF,MUMIN Abdul,Abdul Mumin,SULEMAN,A. MUMIN,ES
Ghana,GHA,DC,FATAWU Abdul,Abdul Fatawu,ISSAHAKU,A. FATAWU,ES
Ghana,GHA,MC,SIBO Kwasi,Kwasi,SIBO,SIBO,ES
Ghana,GHA,DC,AYEW Jordan,Jordan Pierre,AYEW,J. AYEW,ES
Ghana,GHA,DC,THOMAS-ASANTE Brandon,Solomon Brandon Michael Clarke,THOMAS-ASANTE,ASANTE,ES
Ghana,GHA,MC,SEMENYO Antoine,Antoine Serlom,SEMENYO,SEMENYO,ES
Ghana,GHA,PO,ANANG Joseph,Joseph Tetteh,ANANG,ANANG,ES
Ghana,GHA,DC,BONSU BAAH Christopher,Christopher Bonsu,BAAH,BONSU BAAH,ES
Ghana,GHA,DF,MENSAH Gideon,Gideon,MENSAH,MENSAH,ES
Ghana,GHA,MC,OWUSU Elisha,Elisha,OWUSU,OWUSU,ES
Ghana,GHA,PO,ASARE Benjamin,Benjamin,ASARE,B. ASARE,ES
Ghana,GHA,DF,RAHMAN Baba,Abdul Rahman,BABA,BABA,ES
Ghana,GHA,DF,OPOKU Jerome,Jerome,OPOKU,OPOKU,ES
Ghana,GHA,DC,WILLIAMS Inaki,Inaki,WILLIAMS ARTHUER,WILLIAMS,ES
Ghana,GHA,MC,BOAKYE Augustine,Augustine,BOAKYE,BOAKYE,ES
Ghana,GHA,DF,OPPONG Kojo Peprah,Kojo Peprah,OPPONG,OPPONG,ES
Ghana,GHA,DC,SULEMANA Kamaldeen,Kamal Deen,SULEMANA,KAMALDEEN,ES
Ghana,GHA,DF,LUCKASSEN Derrick,Derrick,LUCKASSEN,LUCKASSEN,ES
Ghana,GHA,DC,NUAMAH Ernest,Ernest Nuamah,APPIAH,NUAMAH,ES
Ghana,GHA,DC,ADU Prince,Prince Kwabena,ADU,PRINCE,ES
Ghana,GHA,DF,SENAYA Marvin,Marvin Elom,SENAYA,SENEYA,ES
Haiti,HAI,PO,PLACIDE Johny,Johny,PLACIDE,PLACIDE,ES
Haiti,HAI,DF,ARCUS Carlens,Carlens Jean Fedlaire Ruby,ARCUS,ARCUS,ES
Haiti,HAI,DF,THERMONCY Keeto,Keeto,THERMONCY,THERMONCY,ES
Haiti,HAI,DF,ADE Ricardo,Ricardo,ADE,ADE,ES
Haiti,HAI,DF,DELCROIX Hannes,Hannes Piterson D,DELCROIX,DELCROIX,ES
Haiti,HAI,MC,SAINTE Carl,Carl Fred,SAINTE,SAINTE,ES
Haiti,HAI,DC,ETIENNE Derrick,Derrick Burckley,ETIENNE JR,ETIENNE JR,ES
Haiti,HAI,DF,EXPERIENCE Martin,Martin Yves Roberns Didier,EXPERIENCE,EXPERIENCE,ES
Haiti,HAI,DC,NAZON Duckens,Duckens,NAZON,NAZON,ES
Haiti,HAI,MC,BELLEGARDE Jean-Ricner,Jean Ricner,BELLEGARDE,BELLEGARDE,ES
Haiti,HAI,DC,DEEDSON Louicius,Don Deedson,LOUICIUS,LOUICIUS,ES
Haiti,HAI,PO,PIERRE Alexandre,Alexandre Jr,PIERRE,A. PIERRE,ES
Haiti,HAI,DF,LACROIX Markhus,Markhus,LACROIX,LACROIX,ES
Haiti,HAI,DF,METUSALA Garven,Garven-Michee,METUSALA,METUSALA,ES
Haiti,HAI,DC,PROVIDENCE Ruben,Ruben Fritzner,PROVIDENCE,PROVIDENCE,ES
Haiti,HAI,DC,JOSEPH Lenny,Lenny Alvin Pico,JOSEPH,JOSEPH,ES
Haiti,HAI,MC,JEAN JACQUES Danley,Danley,JEAN JACQUES,JEAN-JACQUES,ES
Haiti,HAI,DC,ISIDOR Wilson,Wilson,ISIDOR,ISIDOR,ES
Haiti,HAI,DC,FORTUNE Yassin,Yassin Enzo,FORTUNE,FORTUNE,ES
Haiti,HAI,DC,PIERROT Frantzdy,Frantzdy,PIERROT,PIERROT,ES
Haiti,HAI,DC,CASIMIR Josue,Josue Jeremie,CASIMIR,CASIMIR,ES
Haiti,HAI,DF,DUVERNE Jean-Kevin,Jean-Kévin,DUVERNE,DUVERNE,ES
Haiti,HAI,PO,DUVERGER Josue,Josue,DUVERGER,DUVERGER,ES
Haiti,HAI,DF,PAUGAIN Wilguens,Wilguens Raphael Polynice,PAUGAIN,PAUGAIN,ES
Haiti,HAI,MC,SIMON Dominique,Dominique Celidor,SIMON,SIMON,ES
Haiti,HAI,MC,PIERRE Woodensky,Olivier Woodensky,PIERRE,W. PIERRE,ES
IR Iran,IRN,PO,BEIRANVAND Alireza,Ali Reza,SAFARBEIRANVAND,BEIRANVAND,ES
IR Iran,IRN,DF,HARDANI Saleh,Saleh,HARDANI KHERAD,SALEH,ES
IR Iran,IRN,DF,HAJISAFI Ehsan,Ehsan,HAJI SAFI,E. HAJISAFI,ES
IR Iran,IRN,DF,KHALILZADEH Shoja,Shojae,KHALILZADEH,SHOJA,ES
IR Iran,IRN,DF,MOHAMMADI Milad,Milad,MOHAMMADIKESHMARZI,M. MOHAMMADI,ES
IR Iran,IRN,MC,EZATOLAHI Saeid,Saeid,EZATOLAHI AFAGH,S. EZATOLAHI,ES
IR Iran,IRN,MC,JAHANBAKHSH Alireza,Alireza,JAHANBAKHSH JIRANDEH,A. JAHANBAKHSH,ES
IR Iran,IRN,MC,MOHEBBI Mohammad,Mohammad,MOHEBBI,M. MOHEBBI,ES
IR Iran,IRN,DC,TAREMI Mehdi,Mehdi,TAREMI,TAREMI,ES
IR Iran,IRN,DC,GHAYEDI Mehdi,Mehdi,GHAYEDI,MEHDI GHAYEDI,ES
IR Iran,IRN,DC,ALIPOUR Ali,Ali,ALIPOURGHARA,A. ALIPOUR,ES
IR Iran,IRN,PO,NIAZMAND Payam,Seyedpayam,NIAZMAND,PAYAM,ES
IR Iran,IRN,DF,KANANI Hossein,Mohammadhossein,KANANI ZADEGAN,KANANI,ES
IR Iran,IRN,MC,GHODDOS Saman,Seyed Saman,GHODDOOS,GHODDOS,ES
IR Iran,IRN,MC,CHESHMI Roozbeh,Roozbeh,CHESHMI,ROOZBEH,ES
IR Iran,IRN,MC,TORABI Mehdi,Mahdi,TORABI,M. TORABI,ES
IR Iran,IRN,DF,YOUSEFI Arya,Arya,YOUSEFI,ARYA,ES
IR Iran,IRN,DC,HOSSEINZADEH Amirhossein,Amirhossein,HOSSEINZADEHTAZEHGHESHLAGH,AMIRHOSSEIN,ES
IR Iran,IRN,DF,NEMATI Ali,Ali,NEMATI,ALI,ES
IR Iran,IRN,DC,MOGHANLOO Shahriyar,Shahriyar,MOGHANLOO,SHAHRIYAR,ES
IR Iran,IRN,MC,GHORBANI Mohammad,Mohammad,GHORBANI,MOHAMMAD,ES
IR Iran,IRN,PO,HOSSEINI Hossein,Seyedhossein,HOSSEINI,HOSSEINI,ES
IR Iran,IRN,DF,REZAEIAN Ramin,Ramin,REZAEIANSEMESKANDI,RAMIN,ES
IR Iran,IRN,DC,DARGAHI Dennis,Dennis,DARGAHI,DARGAHI,ES
IR Iran,IRN,DF,IRI Danial,Danial,IRI,DANIAL,ES
IR Iran,IRN,MC,RAZAGHINIA Amirmohammad,Amirmohammad,RAZAGHINIA,RAZAGH,ES
Iraq,IRQ,PO,FAHAD TALIB,Fahad Talib Raheem,RAHEEM,FAHAD,ES
Iraq,IRQ,DF,REBIN SULAKA,Rebin Ghareeb Solaka,ADHAMAT,REBIN,ES
Iraq,IRQ,DF,HUSSEIN ALI,Hussein Haydar Hussein,ALI,HUSSEIN,ES
Iraq,IRQ,DF,ZAID TAHSEEN,Zaid Tahseen Abd Zaid,HANTOOSH,ZAID T.,ES
Iraq,IRQ,DF,AKAM HASHIM,Akam Hashim Rahman,RAHMAN,AKAM,ES
Iraq,IRQ,DF,MUNAF YOUNUS,Munaf Younus Hashim,AL-TEKREETI,MUNAF,ES
Iraq,IRQ,MC,YOUSSEF AMYN,Youssef Wali Faeq,AMYN,YOUSSEF,ES
Iraq,IRQ,MC,IBRAHIM BAYESH,Ibrahim Bayesh Kamil,AL-KAABAWI,IBRAHIM,ES
Iraq,IRQ,DC,ALI ALHAMADI,Ali Ibrahim Karim,ALZUBAIDI,AL-HAMADI,ES
Iraq,IRQ,DC,MOHANAD ALI,Mohanad Ali Kadhim,AL-SHAMMARI,MOHANAD,ES
Iraq,IRQ,DC,AHMED QASEM,Ahmed Ihab Ahmed,AHMED,AHMED Q.,ES
Iraq,IRQ,PO,JALAL HASSAN,Jalal Hasan Hachim,HACHIM,JALAL,ES
Iraq,IRQ,DC,ALI YOUSIF,Ali Yousif Hashim,NAJATEE,ALI Y.,ES
Iraq,IRQ,MC,ZIDANE IQBAL,Zidane Aamar Iqbal,IQBAL,Z. IQBAL,ES
Iraq,IRQ,DF,AHMED MAKNAZI,Ahmed Hasan Maknazi,AL-DEESHAWEE,AHMED H.,ES
Iraq,IRQ,MC,AMIR ALAMMARI,Amir Fouad Aboud,AL-AMMARI,AL-AMMARI,ES
Iraq,IRQ,DC,ALI JASIM,Ali Jasim Elaibi,AL-TAMEEMI,ALI J.,ES
Iraq,IRQ,DC,AYMEN HUSSEIN,Aymen Hussein Ghadhban,GHADHBAN,AYMEN,ES
Iraq,IRQ,MC,KEVIN YAKOB,Kevin Enkido Yakob William,WILLIAM,K. YAKOB,ES
Iraq,IRQ,MC,AIMAR SHER,Aimar Hazar Anwar,SHER,AIMAR,ES
Iraq,IRQ,DC,MARKO FARJI,Marko Jabbar Hussein,HUSSEIN,MARKO,ES
Iraq,IRQ,PO,AHMED BASIL,Ahmed Basil Fadhil,AL-FADHLI,AHMED B.,ES
Iraq,IRQ,DF,MERCHAS DOSKI,Merchas Ghazi Salih,SALIH,DOSKI,ES
Iraq,IRQ,MC,ZAID ISMAEL,Zaid Ismael Khaleel,AL-DULAIMI,ZAID I.,ES
Iraq,IRQ,DF,MUSTAFA SAADOON,Mustafa Saadoon Abbood,AL-KORJI,MUSTAFA,ES
Iraq,IRQ,DF,FRANS PUTROS,Frans Dhia Jirjis,HADDAD,FRANS,ES
Japan,JPN,PO,SUZUKI Zion,Zion,SUZUKI,SUZUKI,ES
Japan,JPN,DF,SUGAWARA Yukinari,Yukinari,SUGAWARA,SUGAWARA,ES
Japan,JPN,DF,TANIGUCHI Shogo,Shogo,TANIGUCHI,TANIGUCHI,ES
Japan,JPN,DF,ITAKURA Kou,Kou,ITAKURA,ITAKURA,ES
Japan,JPN,DF,NAGATOMO Yuto,Yuto,NAGATOMO,NAGATOMO,ES
Japan,JPN,DC,MACHINO Shuto,Shuto,MACHINO,MACHINO,ES
Japan,JPN,MC,TANAKA Ao,Ao,TANAKA,TANAKA,ES
Japan,JPN,MC,KUBO Takefusa,Takefusa,KUBO,KUBO,ES
Japan,JPN,DC,GOTO Keisuke,Keisuke,GOTO,GOTO,ES
Japan,JPN,MC,DOAN Ritsu,Ritsu,DOAN,DOAN,ES
Japan,JPN,MC,MAEDA Daizen,Daizen,MAEDA,DAIZEN,ES
Japan,JPN,PO,OSAKO Keisuke,Keisuke,OSAKO,OSAKO,ES
Japan,JPN,MC,NAKAMURA Keito,Keito,NAKAMURA,NAKAMURA,ES
Japan,JPN,MC,ITO Junya,Junya,ITO,ITO,ES
Japan,JPN,MC,KAMADA Daichi,Daichi,KAMADA,KAMADA,ES
Japan,JPN,DF,WATANABE Tsuyoshi,Tsuyoshi,WATANABE,WATANABE,ES
Japan,JPN,MC,SUZUKI Yuito,Yuito,SUZUKI,Y. SUZUKI,ES
Japan,JPN,DC,UEDA Ayase,Ayase,UEDA,AYASE,ES
Japan,JPN,DC,OGAWA Koki,Koki,OGAWA,OGAWA,ES
Japan,JPN,DF,SEKO Ayumu,Ayumu,SEKO,SEKO,ES
Japan,JPN,DF,ITO Hiroki,Hiroki,ITO,H. ITO,ES
Japan,JPN,DF,TOMIYASU Takehiro,Takehiro,TOMIYASU,TOMIYASU,ES
Japan,JPN,PO,HAYAKAWA Tomoki,Tomoki,HAYAKAWA,HAYAKAWA,ES
Japan,JPN,MC,SANO Kaishu,Kaishu,SANO,SANO,ES
Japan,JPN,DF,SUZUKI Junnosuke,Junnosuke,SUZUKI,J. SUZUKI,ES
Japan,JPN,DC,SHIOGAI Kento,Kento,SHIOGAI,SHIOGAI,ES
Jordan,JOR,PO,YAZEED ABULAILA,Yazeed Mo'ien Hasan,ABULAILA,YAZEED,ES
Jordan,JOR,DF,MOHAMMAD ABUHASHEESH,Mohammad Ali Hasan,ABUHASHEESH,ABU HASHEESH,ES
Jordan,JOR,DF,ABDALLAH NASIB,Abdallah Mousa Musallam,NASIB,NASIB,ES
Jordan,JOR,DF,HUSAM ABUDAHAB,Husam Ali Mohammad,ABUDAHAB,ABU DAHAB,ES
Jordan,JOR,DF,YAZAN ALARAB,Yazan Mousa Mahmoud,ALARAB,ALARAB,ES
Jordan,JOR,MC,AMER JAMOUS,Amer Rasem Adel,JAMOUS,JAMOUS,ES
Jordan,JOR,DC,MOHAMMAD ABUZRAIQ,Mohammad Faisal Yousef,ABU ZRAIQ,ABU ZRAIQ,ES
Jordan,JOR,MC,NOOR ALRAWABDEH,Noor Al-Deen Mahmoud Ali,AL RAWABDEH,ALRAWABDEH,ES
Jordan,JOR,DC,ALI OLWAN,Ali Iyad Ali,OLWAN,OLWAN,ES
Jordan,JOR,DC,MOUSA ALTAMARI,Mousa Mohammad Mousa,SULEIMAN,ALTAMARI,ES
Jordan,JOR,DC,ODEH FAKHOURY,Odeh Burhan Shehadeh,FAKHOURY,ODEH,ES
Jordan,JOR,PO,NOUR BANIATEYAH,Noureddin Zaid Khaleel,BANI ATEYAH,BANI ATEYAH,ES
Jordan,JOR,DC,MAHMOUD ALMARDI,Mahmoud Nayef Ahmad,ALMARDI,ALMARDI,ES
Jordan,JOR,MC,RAJAEI AYED,Raja'ei Ayed Fadel,HASAN,RAJA'EI,ES
Jordan,JOR,MC,IBRAHIM SADEH,Ibrahim Mohammad Sami,SA'DEH,SA'DEH,ES
Jordan,JOR,DF,MOHAMMAD ABUALNADI,Mohammad Majed Jamil,ABUALNADI,ABU ALNADI,ES
Jordan,JOR,DF,SALEEM OBAID,Saleem Amer Saleem,OBAID,SALEEM,ES
Jordan,JOR,MC,MOHAMMAD ABUGHOUSH,Mohammad Ahmed Mohammad,TAHA,ABU GHOUSH,ES
Jordan,JOR,DF,SAED ALROSAN,Sa'ed Ahmad Salameh,ALROSAN,SA'ED,ES
Jordan,JOR,MC,MOHANNAD ABUTAHA,Mohannad Mahmoud Saleh,ABU TAHA,ABU TAHA,ES
Jordan,JOR,MC,NIZAR ALRASHDAN,Nizar Mahmoud Ahmed,AL-RASHDAN,NIZAR,ES
Jordan,JOR,PO,ABDALLAH ALFAKHORI,Abdallah Ra'ed Mahmoud,ALFAKHORI,ALFAKHORI,ES
Jordan,JOR,DF,EHSAN HADDAD,Ehsan Manel Farhan,HADDAD,EHSAN,ES
Jordan,JOR,DC,ALI AZAIZEH,Ali Ahmad Ali,AZAIZEH,AZAIZEH,ES
Jordan,JOR,MC,MOHAMMAD ALDAOUD,Mohammad Ratib Mohammad,ALDAOUD,ALDAOUD,ES
Jordan,JOR,DF,ANAS BADAWI,Anas Said Ghazi,BADAWI,BADAWI,ES
Korea Republic,KOR,PO,KIM Seunggyu,Seunggyu,KIM,SEUNGGYU,ES
Korea Republic,KOR,DF,LEE Hanbeom,Hanbeom,LEE,HANBEOM,ES
Korea Republic,KOR,MC,LEE Gihyuk,Gihyuk,LEE,GIHYUK,ES
Korea Republic,KOR,DF,KIM Minjae,Minjae,KIM,MINJAE,ES
Korea Republic,KOR,DF,KIM Taehyeon,Taehyeon,KIM,TAEHYEON,ES
Korea Republic,KOR,MC,HWANG Inbeom,Inbeom,HWANG,INBEOM,ES
Korea Republic,KOR,DC,SON Heungmin,Heung Min,SON,HEUNGMIN,ES
Korea Republic,KOR,MC,PAIK Seungho,Seungho,PAIK,SEUNGHO,ES
Korea Republic,KOR,DC,CHO Guesung,Guesung,CHO,GUESUNG,ES
Korea Republic,KOR,MC,LEE Jaesung,Jae Sung,LEE,JAESUNG,ES
Korea Republic,KOR,MC,HWANG Heechan,Hee Chan,HWANG,HEECHAN,ES
Korea Republic,KOR,PO,SONG Bumkeun,Bumkeun,SONG,BUMKEUN,ES
Korea Republic,KOR,DF,LEE Taeseok,Taeseok,LEE,TAESEOK,ES
Korea Republic,KOR,DF,CHO Wije,Wije,CHO,WIJE,ES
Korea Republic,KOR,DF,KIM Moonhwan,Moonhwan,KIM,MOONHWAN,ES
Korea Republic,KOR,DF,PARK Jinseob,Jinseob,PARK,JINSEOB,ES
Korea Republic,KOR,MC,BAE Junho,Junho,BAE,JUNHO,ES
Korea Republic,KOR,DC,OH Hyeongyu,Hyeongyu,OH,HYEONGYU,ES
Korea Republic,KOR,MC,LEE Kangin,Kangin,LEE,KANGIN,ES
Korea Republic,KOR,MC,YANG Hyunjun,Hyunjun,YANG,HYUNJUN,ES
Korea Republic,KOR,PO,JO Hyeonwoo,Hyeonwoo,JO,HYEONWOO,ES
Korea Republic,KOR,DF,SEOL Youngwoo,Youngwoo,SEOL,YOUNGWOO,ES
Korea Republic,KOR,DF,CASTROP Jens,Jens,CASTROP,JENS,ES
Korea Republic,KOR,MC,KIM Jingyu,Jingyu,KIM,JINGYU,ES
Korea Republic,KOR,MC,EOM Jisung,Jisung,EOM,JISUNG,ES
Korea Republic,KOR,MC,LEE Donggyeong,Donggyeong,LEE,DONGGYEONG,ES
Mexico,MEX,PO,RANGEL Raul,José Raúl,RANGEL AGUILAR,R. RANGEL,ES
Mexico,MEX,DF,SANCHEZ Jorge,Jorge Eduardo,SÁNCHEZ RAMOS,J. SÁNCHEZ,ES
Mexico,MEX,DF,MONTES Cesar,César Jasib,MONTES CASTRO,C. MONTES,ES
Mexico,MEX,DF,ALVAREZ Edson,Edson Omar,ÁLVAREZ VELÁZQUEZ,E. ÁLVAREZ,ES
Mexico,MEX,DF,VASQUEZ Johan,Johan Felipe,VÁSQUEZ IBARRA,J. VÁSQUEZ,ES
Mexico,MEX,MC,LIRA Erik,Erik Antonio,LIRA MÉNDEZ,E. LIRA,ES
Mexico,MEX,MC,ROMO Luis,Luis Francisco,ROMO BARRÓN,L. ROMO,ES
Mexico,MEX,MC,FIDALGO Alvaro,Álvaro,FIDALGO FERNÁNDEZ,FIDALGO,ES
Mexico,MEX,DC,JIMENEZ Raul,Raúl Alonso,JIMÉNEZ RODRÍGUEZ,RAÚL,ES
Mexico,MEX,DC,VEGA Alexis,Ernesto Alexis,VEGA ROJAS,A. VEGA,ES
Mexico,MEX,DC,GIMENEZ Santiago,Santiago Tomás,GIMENEZ,S. GIMENEZ,ES
Mexico,MEX,PO,ACEVEDO Carlos,Carlos,ACEVEDO LÓPEZ,C. ACEVEDO,ES
Mexico,MEX,PO,OCHOA Guillermo,Francisco Guillermo,OCHOA MAGAÑA,G. OCHOA,ES
Mexico,MEX,DC,GONZALEZ Armando,Armando,GONZÁLEZ ALBA,A. GONZÁLEZ,ES
Mexico,MEX,DF,REYES Israel,Israel,REYES ROMERO,I. REYES,ES
Mexico,MEX,DC,QUINONES Julian,Julián Andrés,QUIÑONES QUIÑONES,J. QUIÑONES,ES
Mexico,MEX,MC,PINEDA Orbelin,Orbelín,PINEDA ALVARADO,ORBELÍN,ES
Mexico,MEX,MC,VARGAS Obed,Obed Goméz,VARGAS,O. VARGAS,ES
Mexico,MEX,MC,MORA Gilberto,Gilberto Rafael,MORA ZAMBRANO,G. MORA,ES
Mexico,MEX,DF,CHAVEZ Mateo,Mateo,CHÁVEZ GARCÍA,M. CHÁVEZ,ES
Mexico,MEX,DC,HUERTA Cesar,César Saúl,HUERTA VALERA,C. HUERTA,ES
Mexico,MEX,DC,MARTINEZ Guillermo,Guillermo,MARTÍNEZ AYALA,G. MARTÍNEZ,ES
Mexico,MEX,DF,GALLARDO Jesus,Jesús Daniel,GALLARDO VASCONCELOS,J. GALLARDO,ES
Mexico,MEX,MC,CHAVEZ Luis,Luis Gerardo,CHÁVEZ MAGALLÓN,L. CHÁVEZ,ES
Mexico,MEX,DC,ALVARADO Roberto,Roberto Carlos,ALVARADO HERNÁNDEZ,R. ALVARADO,ES
Mexico,MEX,MC,GUTIERREZ Brian,Brian,GUTIÉRREZ,B. GUTIÉRREZ,ES
Morocco,MAR,PO,BOUNOU Yassine,Yassine,BOUNOU,BONO,ES
Morocco,MAR,DF,HAKIMI Achraf,Achraf,HAKIMI,HAKIMI,ES
Morocco,MAR,DF,MAZRAOUI Noussair,Noussair,MAZRAOUI,MAZRAOUI,ES
Morocco,MAR,MC,AMRABAT Sofyan,Sofyan,AMRABAT,AMRABAT,ES
Morocco,MAR,DF,SAADANE Marwane,Marwane,SAADANE,SAADANE,ES
Morocco,MAR,MC,BOUADDI Ayyoub,Ayyoub,BOUADDI,BOUADDI,ES
Morocco,MAR,MC,TALBI Chemsdine,Chemsdine,TALBI,TALBI,ES
Morocco,MAR,MC,OUNAHI Azzedine,Azz-Eddine,OUNAHI,OUNAHI,ES
Morocco,MAR,DC,RAHIMI Sou«ane,Sou«ane,RAHIMI,RAHIMI,ES
Morocco,MAR,DC,DIAZ Brahim,Brahim,ABDELKADER DIAZ,BRAHIM,ES
Morocco,MAR,MC,SAIBARI Ismael,Ismael,SAIBARI,SAIBARI,ES
Morocco,MAR,PO,EL KAJOUI Munir,Monir,EL KAJOUI,EL KAJOUI,ES
Morocco,MAR,DF,EL OUAHDI Zakaria,Zakaria,EL OUAHDI,EL OUAHDI,ES
Morocco,MAR,DF,DIOP Issa,Issa Laye Lucas Jean,DIOP,ISSA,ES
Morocco,MAR,MC,EL MOURABET Samir,Samir,EL MOURABET,EL MOURABET,ES
Morocco,MAR,MC,YASSINE Gessime,Gessime Ben Youssef Mustapha,YASSINE,YASSINE,ES
Morocco,MAR,DC,SBAI Amine,Mohamed Amine,SBAI,SBAÏ,ES
Morocco,MAR,DF,RIAD Chadi,Chadi,RIAD,RIAD,ES
Morocco,MAR,DF,BELAMMARI Youssef,Youssef,BELAMMARI,BELAMMARI,ES
Morocco,MAR,DC,EL KAABI Ayoub,Ayoub,EL KAABI,EL KAABI,ES
Morocco,MAR,DC,AMAIMOUNI Ayoube,Ayoube,AMAIMOUNI,AMAIMOUNI,ES
Morocco,MAR,PO,TAGNAOUTI Ahmed Reda,Ahmed Reda,TAGNAOUTI,TAGNAOUTI,ES
Morocco,MAR,MC,EL KHANNOUSS Bilal,Bilal,EL KHANNOUSS,EL KHANNOUSS,ES
Morocco,MAR,MC,EL AYNAOUI Neil,Neil Yoni,EL AYNAOUI,EL AYNAOUI,ES
Morocco,MAR,DF,HALHAL Redouane,Redouane,HALHAL,HALHAL,ES
Morocco,MAR,DF,SALAH EDDINE Anass,Anass,SALAH EDDINE,SALAH-EDDINE,ES
Netherlands,NED,PO,VERBRUGGEN Bart,Bart,VERBRUGGEN,VERBRUGGEN,ES
Netherlands,NED,DF,GEERTRUIDA Lutsharel,Lutsharel Emiliano,GEERTRUIDA,GEERTRUIDA,ES
Netherlands,NED,MC,DE ROON Marten,Marten Elco,DE ROON,DE ROON,ES
Netherlands,NED,DF,VAN DIJK Virgil,Virgil,VAN DIJK,VIRGIL,ES
Netherlands,NED,DF,AKE Nathan,Nathan Benjamin,AKE,AKÉ,ES
Netherlands,NED,DF,VAN HECKE Jan Paul,Jan-Paul,VAN HECKE,VAN HECKE,ES
Netherlands,NED,MC,KLUIVERT Justin,Justin Dean,KLUIVERT,KLUIVERT,ES
Netherlands,NED,MC,GRAVENBERCH Ryan,Ryan Jiro,GRAVENBERCH,GRAVENBERCH,ES
Netherlands,NED,DC,WEGHORST Wout,Wout François Maria,WEGHORST,WEGHORST,ES
Netherlands,NED,DC,DEPAY Memphis,Memphis,DEPAY,MEMPHIS,ES
Netherlands,NED,DC,GAKPO Cody,Cody Mathès,GAKPO,GAKPO,ES
Netherlands,NED,DF,WIEFFER Mats,Mats Henrik Berne,WIEFFER,WIEFFER,ES
Netherlands,NED,PO,ROEFS Robin,Robin Gerardus Petrus,ROEFS,ROEFS,ES
Netherlands,NED,MC,REIJNDERS Tijjani,Tijjani Martinus Jan,REIJNDERS,REIJNDERS,ES
Netherlands,NED,DF,VAN DE VEN Micky,Micky,VAN DE VEN,VAN DE VEN,ES
Netherlands,NED,MC,TIL Guus,Guus Berend,TIL,TIL,ES
Netherlands,NED,DC,LANG Noa,Noa Noëll,LANG,LANG,ES
Netherlands,NED,DC,MALEN Donyell,Donyell,MALEN,MALEN,ES
Netherlands,NED,DC,BROBBEY Brian,Brian Ebenezer Adjei,BROBBEY,BROBBEY,ES
Netherlands,NED,MC,KOOPMEINERS Teun,Teun,KOOPMEINERS,KOOPMEINERS,ES
Netherlands,NED,MC,DE JONG Frenkie,Frenkie,DE JONG,F. DE JONG,ES
Netherlands,NED,DF,DUMFRIES Denzel,Denzel Justus Morris,DUMFRIES,DUMFRIES,ES
Netherlands,NED,PO,FLEKKEN Mark,Mark Maria Hubertus,FLEKKEN,FLEKKEN,ES
Netherlands,NED,DC,SUMMERVILLE Crysencio,Crysencio Jilbert Sylverio Cir,SUMMERVILLE,SUMMERVILLE,ES
Netherlands,NED,DF,HATO Jorrel,Jorrel Evan,HATO,HATO,ES
Netherlands,NED,MC,TIMBER Quinten,Quinten Ryan Crispito,TIMBER,Q. TIMBER,ES
New Zealand,NZL,PO,CROCOMBE Max,Maxime Teremoana,CROCOMBE,CROCOMBE,ES
New Zealand,NZL,DF,PAYNE Tim,Timothy John,PAYNE,PAYNE,ES
New Zealand,NZL,DF,DE VRIES Francis,Francis,DE VRIES,DE VRIES,ES
New Zealand,NZL,DF,BINDON Tyler,Tyler Grant,BINDON,BINDON,ES
New Zealand,NZL,DF,BOXALL Michael,Michael Joseph,BOXALL,BOXALL,ES
New Zealand,NZL,MC,BELL Joe,Joe Zen Robert,BELL,BELL,ES
New Zealand,NZL,DC,ROGERSON Logan,Logan Tipene,ROGERSON,ROGERSON,ES
New Zealand,NZL,MC,STAMENIC Marko,Marko Seufatu Nikola,STAMENIC,STAMENIC,ES
New Zealand,NZL,DC,WOOD Chris,Christopher Grant,WOOD,WOOD,ES
New Zealand,NZL,MC,SINGH Sarpreet,Sarpreet,SINGH,SINGH,ES
New Zealand,NZL,MC,JUST Elijah,Elijah Henry,JUST,JUST,ES
New Zealand,NZL,PO,PAULSEN Alex,Alexander Noah,PAULSEN,PAULSEN,ES
New Zealand,NZL,DF,CACACE Liberato,Liberato Gianpaolo,CACACE,CACACE,ES
New Zealand,NZL,MC,RUFER Alex,Alex Arthur,RUFER,RUFER,ES
New Zealand,NZL,DF,PIJNAKER Nando,Nando Zen,PIJNAKER,PIJNAKER,ES
New Zealand,NZL,DF,SURMAN Finn,Finn,SURMAN,SURMAN,ES
New Zealand,NZL,DC,BARBAROUSES Kosta,Kosta,BARBAROUSES,BARBAROUSES,ES
New Zealand,NZL,DC,WAINE Ben,Benjamin Peter,WAINE,WAINE,ES
New Zealand,NZL,MC,OLD Ben,Benjamin Craig,OLD,OLD,ES
New Zealand,NZL,MC,McCOWATT Callum,Callum William,MCCOWATT,MCCOWATT,ES
New Zealand,NZL,DC,RANDALL Jesse,Jesse Carmichael,RANDALL,RANDALL,ES
New Zealand,NZL,PO,WOUD Michael,Michael Cornelis,WOUD,WOUD,ES
New Zealand,NZL,MC,THOMAS Ryan,Ryan Jared,THOMAS,THOMAS,ES
New Zealand,NZL,DF,ELLIOT Callan,Callan Rennie,ELLIOT,ELLIOT,ES
New Zealand,NZL,MC,BAYLISS Lachlan,Lachlan Ryan,BAYLISS,BAYLISS,ES
New Zealand,NZL,DF,SMITH Tommy,Thomas Jefferson,SMITH,SMITH,ES
Norway,NOR,PO,NYLAND Orjan,Ørjan Haskjold,NYLAND,NYLAND,ES
Norway,NOR,MC,THORSBY Morten,Morten,THORSBY,THORSBY,ES
Norway,NOR,DF,AJER Kristoffer,Kristoffer Vassbakk Köpp,AJER,VASSBAKK AJER,ES
Norway,NOR,DF,OSTIGARD Leo,Leo Skiri,ØSTIGÅRD,ØSTIGÅRD,ES
Norway,NOR,DF,MOLLER WOLFE David,David Møller,WOLFE,MØLLER WOLFE,ES
Norway,NOR,MC,BERG Patrick,Patrick,BERG,BERG,ES
Norway,NOR,DC,SORLOTH Alexander,Alexander,SØRLOTH,SØRLOTH,ES
Norway,NOR,MC,BERGE Sander,Sander Gard Bolin,BERGE,BERGE,ES
Norway,NOR,DC,HAALAND Erling,Erling Braut,HAALAND,BRAUT HAALAND,ES
Norway,NOR,MC,ODEGAARD Martin,Martín,ØDEGAARD,ØDEGAARD,ES
Norway,NOR,DC,STRAND LARSEN Jorgen,Jørgen Strand,LARSEN,STRAND LARSEN,ES
Norway,NOR,PO,TANGVIK Sander,Sander,TANGVIK,TANGVIK,ES
Norway,NOR,PO,SELVIK Egil,Egil,SELVIK,SELVIK,ES
Norway,NOR,MC,AURSNES Fredrik,Fredrik,AURSNES,AURSNES,ES
Norway,NOR,DF,BJORKAN Fredrik Andre,Fredrik André,BJØRKAN,BJØRKAN,ES
Norway,NOR,DF,HOLMGREN PEDERSEN Marcus,Marcus Holmgren,PEDERSEN,HOLMGREN,ES
Norway,NOR,DF,HEGGEM Torbjorn,Torbjørn Lysaker,HEGGEM,HEGGEM,ES
Norway,NOR,MC,THORSTVEDT Kristian,Kristian,THORSTVEDT,THORSTVEDT,ES
Norway,NOR,MC,AASGAARD Thelo,Thelonious Gerard,AASGAARD,AASGAARD,ES
Norway,NOR,DC,NUSA Antonio,Antonio Eromonsele Nordby,NUSA,NUSA,ES
Norway,NOR,MC,SCHJELDERUP Andreas,Andreas Rædergård,SCHJELDERUP,SCHJELDERUP,ES
Norway,NOR,MC,BOBB Oscar,Oscar,BOBB,BOBB,ES
Norway,NOR,MC,HAUGE Jens Petter,Jens Petter,HAUGE,HAUGE,ES
Norway,NOR,DF,LANGAS Sondre,Sondre Klingen,LANGÅS,LANGÅS,ES
Norway,NOR,DF,FALCHENER Henrik,Henrik Sælebakke,FALCHENER,FALCHENER,ES
Norway,NOR,DC,RYERSON Julian,Julian,RYERSON,RYERSON,ES
Panama,PAN,PO,MEJIA Luis,Luis Ricardo,MEJÍA CAJAR,MEJIA,ES
Panama,PAN,DF,BLACKMAN Cesar,Cesar Rodolfo,BLACKMAN CAMARENA,BLACKMAN,ES
Panama,PAN,DF,CORDOBA Jose,Jose Angel,CORDOBA CHAMBERS,CORDOBA,ES
Panama,PAN,DF,ESCOBAR Fidel,Fidel,ESCOBAR MENDIETA,F. ESCOBAR,ES
Panama,PAN,DF,FARINA Edgardo,Edgardo Issac,FARIÑA WYNTER,FARIÑA,ES
Panama,PAN,MC,MARTINEZ Cristian,Cristian Jesus,MARTINEZ,MARTÍNEZ,ES
Panama,PAN,MC,RODRIGUEZ Jose Luis,Jose Luis,RODRIGUEZ FRANCIS,J.L. RODRÍGUEZ,ES
Panama,PAN,MC,CARRASQUILLA Adalberto,Adalberto Eliecer,CARRASQUILLA ALCAZAR,CARRASQUILLA,ES
Panama,PAN,DC,RODRIGUEZ Tomas,Tomas Abdiel,RODRIGUEZ MENA,T. RODRÍGUEZ,ES
Panama,PAN,MC,DIAZ Ismael,Ismael,DIAZ DE LEON,ISMAEL,ES
Panama,PAN,MC,BARCENAS Edgar Yoel,Edgar Yoel,BARCENAS HERRERA,BÁRCENAS,ES
Panama,PAN,PO,SAMUDIO Cesar,Cesar Jair,SAMUDIO MURILLO,SAMUDIO,ES
Panama,PAN,DF,RAMOS Jiovany,Jiovany Javier,RAMOS DIAZ,RAMOS,ES
Panama,PAN,DF,HARVEY Carlos,Carlos Miguel,HARVEY CESNEROS,HARVEY,ES
Panama,PAN,DF,DAVIS Eric,Eric Javier,DAVIS GRAJALES,DAVIS,ES
Panama,PAN,DF,ANDRADE Andres,Andres Alberto,ANDRADE CEDEÑO,ANDRADE,ES
Panama,PAN,DC,FAJARDO Jose,Jose,FAJARDO NELSON,FAJARDO,ES
Panama,PAN,DC,WATERMAN Cecilio,Cecilio Alfonso,WATERMAN RUIZ,WATERMAN,ES
Panama,PAN,MC,QUINTERO Alberto,Alberto Abdiel,QUINTERO MEDINA,QUINTERO,ES
Panama,PAN,MC,GODOY Anibal,Anibal Casis,GODOY LEMUS,GODOY,ES
Panama,PAN,MC,YANIS Cesar,Cesar Augusto,YANIS VELASCO,YANIS,ES
Panama,PAN,PO,MOSQUERA Orlando,Orlando,MOSQUERA,MOSQUERA,ES
Panama,PAN,DF,MURILLO Amir,Michael Amir,MURILLO BERMUDEZ,A. MURILLO,ES
Panama,PAN,DC,LONDONO Azarias,Azarías Emmanuel,LONDOÑO GONZALEZ,LONDOÑO,ES
Panama,PAN,DF,MILLER Roderick,Roderick Alonso,MILLER MOLINA,MILLER,ES
Panama,PAN,DF,GUTIERREZ Jorge,Jorge Abdiel,GUTIERREZ CORNEJO,GUTIÉRREZ,ES
Paraguay,PAR,PO,FERNANDEZ Gatito,Roberto Junior,FERNANDEZ TORRES,FERNÁNDEZ,ES
Paraguay,PAR,DF,VELAZQUEZ Gustavo,Victor Gustavo,VELAZQUEZ RAMOS,VELÁZQUEZ,ES
Paraguay,PAR,DF,ALDERETE Omar,Omar Federico,ALDERETE FERNANDEZ,ALDERETE,ES
Paraguay,PAR,DF,CACERES Juan Jose,Juan Jose,CACERES,CÁCERES,ES
Paraguay,PAR,DF,BALBUENA Fabian,Fabián Cornelio,BALBUENA GONZÁLEZ,BALBUENA,ES
Paraguay,PAR,DF,ALONSO Junior,Júnior Osmar Ignacio,ALONSO MUJICA,ALONSO,ES
Paraguay,PAR,MC,SOSA Ramon,Ramón,SOSA ACOSTA,SOSA,ES
Paraguay,PAR,MC,GOMEZ Diego,Diego Alexander,GOMEZ AMARILLA,D. GÓMEZ,ES
Paraguay,PAR,DC,SANABRIA Antonio,Arnaldo Antonio,SANABRIA AYALA,SANABRIA,ES
Paraguay,PAR,MC,ALMIRON Miguel,Miguel Angel,ALMIRON REJALA,ALMIRÓN,ES
Paraguay,PAR,MC,MAURICIO,Mauricio,MAGALHAES PRADO,MAURICIO,ES
Paraguay,PAR,PO,GILL Orlando,Orlando Daniel,GILL NOLDIN,O. GILL,ES
Paraguay,PAR,DF,CANALE Jose,Jose Maria,CANALE DOMINGUEZ,CANALE,ES
Paraguay,PAR,MC,CUBAS Andres,Adrián Andrés,CUBAS,CUBAS,ES
Paraguay,PAR,DF,GOMEZ Gustavo,Gustavo Raul,GÓMEZ PORTILLO,G. GÓMEZ,ES
Paraguay,PAR,MC,BOBADILLA Damian,Damián Josue,BOBADILLA BENITEZ,BOBADILLA,ES
Paraguay,PAR,DC,ROMERO GAMARRA Alejandro,Alejandro Sebastian,ROMERO GAMARRA,R. GAMARRA,ES
Paraguay,PAR,DC,ARCE Alex,Alex Adrian,ARCE BARRIOS,ARCE,ES
Paraguay,PAR,DC,ENCISO Julio,Julio Cesar,ENCISO ESPINOLA,ENCISO,ES
Paraguay,PAR,MC,OJEDA Braian,Braian Oscar,OJEDA RODRIGUEZ,OJEDA,ES
Paraguay,PAR,DC,AVALOS Gabriel,Gabriel,AVALOS STUMPFS,AVALOS,ES
Paraguay,PAR,PO,OLVEIRA Gaston,Gastón Hernán,OLVEIRA ECHEVERRIA,OLVEIRA,ES
Paraguay,PAR,MC,GALARZA Matias,Matias,GALARZA FONDA,GALARZA,ES
Paraguay,PAR,MC,CABALLERO Gustavo,Gustavo Ruben,CABALLERO GONZALEZ,CABALLERO,ES
Paraguay,PAR,DC,PITTA Isidro,Isidro Miguel,PITTA SALDIVAR,PITTA,ES
Paraguay,PAR,DF,MAIDANA Alexandro,Alexandro,MAIDANA MENDIETA,MAIDANA,ES
Portugal,POR,PO,DIOGO COSTA,Diogo,MEIRELES DA COSTA,DIOGO COSTA,ES
Portugal,POR,DF,NELSON SEMEDO,Nélson,CABRAL SEMEDO,N. SEMEDO,ES
Portugal,POR,DF,RUBEN DIAS,Rúben,DOS SANTOS GATO ALVES DIAS,RÚBEN DIAS,ES
Portugal,POR,DF,TOMAS ARAUJO,Tomás,LEMOS ARAÚJO,TOMÁS A.,ES
Portugal,POR,DF,DIOGO DALOT,José Diogo,DALOT TEIXEIRA,DALOT,ES
Portugal,POR,MC,MATHEUS NUNES,Matheus Luiz,NUNES,MATHEUS N.,ES
Portugal,POR,DC,CRISTIANO RONALDO,Cristiano Ronaldo,DOS SANTOS AVEIRO,RONALDO,ES
Portugal,POR,MC,BRUNO FERNANDES,Bruno Miguel,BORGES FERNANDES,B. FERNANDES,ES
Portugal,POR,DC,GONCALO RAMOS,Gonçalo,MATIAS RAMOS,G. RAMOS,ES
Portugal,POR,MC,BERNARDO SILVA,Bernardo,MOTA VEIGA DE CARVALHO E SILVA,BERNARDO,ES
Portugal,POR,DC,JOAO FELIX,João,FÉLIX SEQUEIRA,JOÃO FÉLIX,ES
Portugal,POR,PO,JOSE SA,José Pedro,MALHEIRO DE SÁ,JOSÉ SÁ,ES
Portugal,POR,DF,RENATO VEIGA,Renato,DA PALMA VEIGA,RENATO VEIGA,ES
Portugal,POR,DF,GONCALO INACIO,Gonçalo,BERNARDO INÁCIO,G. INÁCIO,ES
Portugal,POR,MC,JOAO NEVES,João Pedro,GONÇALVES NEVES,JOÃO NEVES,ES
Portugal,POR,DC,FRANCISCO TRINCAO,Francisco António,MACHADO MOTA DE CASTRO TRINCÃO,TRINCÃO,ES
Portugal,POR,DC,RAFAEL LEAO,Rafael Alexandre,DA CONCEIÇÃO LEÃO,RAFA LEÃO,ES
Portugal,POR,DC,PEDRO NETO,Pedro,LOMBA NETO,NETO,ES
Portugal,POR,DC,GONCALO GUEDES,Gonçalo Manuel,GANCHINHO GUEDES,G. GUEDES,ES
Portugal,POR,DF,JOAO CANCELO,João Pedro,CAVACO CANCELO,JOÃO CANCELO,ES
Portugal,POR,MC,RUBEN NEVES,Rúben Diogo,DA SILVA NEVES,R. NEVES,ES
Portugal,POR,PO,RUI SILVA,Rui Tiago,DANTAS DA SILVA,RUI SILVA,ES
Portugal,POR,MC,VITINHA,Vitor,MACHADO FERREIRA,VITINHA,ES
Portugal,POR,DF,SAMU COSTA,Samuel,DE ALMEIDA COSTA,SAMU,ES
Portugal,POR,DF,NUNO MENDES,Nuno Alexandre,TAVARES MENDES,N. MENDES,ES
Portugal,POR,DC,FRANCISCO CONCEICAO,Francisco,FERNANDES DA CONCEIÇÃO,F. CONCEIÇÃO,ES
Qatar,QAT,PO,MAHMOUD ABUNADA,Mahmoud Ibrahim M,ABUNADA,ABUNADA,ES
Qatar,QAT,DF,PEDRO MIGUEL,Pedro Miguel D D,CORREIA,PEDRO,ES
Qatar,QAT,DF,LUCAS MENDES,Lucas Michel,MENDES,L.MENDES,ES
Qatar,QAT,DF,ISSA LAYE,Gueye,SEYDINAISSALAYE,GUEYE,ES
Qatar,QAT,DF,JASSEM GABER,Jassem Gaber E,ABDULSALLAM,JASSEM,ES
Qatar,QAT,MC,ABDULAZIZ HATEM,Abdelaziz Hatim A,MOHAMED,A. AZIZ,ES
Qatar,QAT,DC,AHMED ALAAELDIN,Ahmed Alaaeldin B M,ABDELMOTAAL,ALAAELDIN,ES
Qatar,QAT,DC,EDMILSON JUNIOR,Edmilson Junior P,DASILVA,EDMILSON JR.,ES
Qatar,QAT,DC,MOHAMMED MUNTARI,Mohammed,MUNTARI,MUNTARI,ES
Qatar,QAT,DC,HASSAN ALHAYDOS,Hasan Khalid H,ALHAYDOS,ALHAYDOS,ES
Qatar,QAT,DC,AKRAM AFIF,Akram Hassan A Y,AFIF,AFIF,ES
Qatar,QAT,MC,KARIM BOUDIAF,Karim,BOUDIAF,KARIM,ES
Qatar,QAT,DF,AYOUB ALOUI,Ayoub Mohamed,ALOUI,AYOUB,ES
Qatar,QAT,DF,HOMAM AHMED,Homam Elamin M,AHMED,HOMAM,ES
Qatar,QAT,DC,YUSUF ABDURISAG,Yusuf Abdurisag,YUSUF,YUSUF,ES
Qatar,QAT,DF,BOUALEM KHOUKHI,Boualem,KHOUKHI,KHOUKHI,ES
Qatar,QAT,MC,AHMED ALGANEHI,Ahmed Mohamed H K,ALGANEHI,A. ALGANEHI,ES
Qatar,QAT,DF,SULTAN ALBRAKE,Sultan Hussain M H,AL-BRAKE,SULTAN,ES
Qatar,QAT,DC,ALMOEZ ALI,Almoez Ali Zainelabdeen M,ABDULLA,ALMOEZ,ES
Qatar,QAT,MC,AHMED FATHY,Ahmed Fathy M,ABDOULLA,A. FATHY,ES
Qatar,QAT,PO,SALAH ZAKARIA,Salah Zakaria M M,HASSAN,SALAH,ES
Qatar,QAT,PO,MESHAAL BARSHAM,Meshaal Aissa M,BARSHAM,BARSHAM,ES
Qatar,QAT,MC,ASSIM MADIBO,Assim Omer A,MADIBO,MADIBO,ES
Qatar,QAT,DC,TAHSIN MOHAMMED,Tahsin Mohammad,JAMSHID,TAHSIN,ES
Qatar,QAT,DF,ALHASHMI ALHUSSEIN,Alhashmi Alhussein A,MOHIALDIN,ALHASHMI,ES
Qatar,QAT,DC,MOHAMED MANAI,Mohamed Naceur,MANAI,MANAI,ES
Saudi Arabia,KSA,PO,NAWAF ALAQIDI,Nawaf Dhahi F,ALAQIDI,ALAQIDI,ES
Saudi Arabia,KSA,DF,ALI MAJRASHI,Ali Hassan M,MAJRASHI,MAJRASHI,ES
Saudi Arabia,KSA,DF,ALI LAJAMI,Ali Mohammed A,LAJAMI,LAJAMI,ES
Saudi Arabia,KSA,DF,ABDULELAH ALAMRI,Abdulelah Ali A,ALAMRI,ALAMRI,ES
Saudi Arabia,KSA,DF,HASSAN ALTAMBAKTI,Hassan Mohammed O,ALTAMBAKTI,ALTAMBAKTI,ES
Saudi Arabia,KSA,MC,NASSER ALDAWSARI,Nasser Essa S,ALDAWSARI,NASSER,ES
Saudi Arabia,KSA,MC,MUSAB ALJUWAYR,Musab Fahad Z,ALJUWAYR,MUSAB,ES
Saudi Arabia,KSA,DC,AIMAN YAHYA,Aiman Yahya Y,AHMED,AIMAN,ES
Saudi Arabia,KSA,DC,FERAS ALBRIKAN,Feras Tariq N,ALBRIKAN,FERAS,ES
Saudi Arabia,KSA,DC,SALEM ALDAWSARI,Salem Mohammed S,ALDAWSARI,SALEM,ES
Saudi Arabia,KSA,DC,SALEH ALSHEHRI,Saleh Khalid M,ALSHEHRI,ALSHEHRI,ES
Saudi Arabia,KSA,DF,SAUD ABDULHAMID,Saud Abdullah S,ABDULHAMID,SAUD,ES
Saudi Arabia,KSA,DF,NAWAF BU WASHL,Nawaf Meshari M,BU WASHL,NAWAF,ES
Saudi Arabia,KSA,DF,HASSAN KADISH,Hassan Kadish Y,MAHBUB,KADISH,ES
Saudi Arabia,KSA,MC,ABDULLAH ALKHAIBARI,Abdullah Mohammed H,ALKHAIBARI,ALKHAIBARI,ES
Saudi Arabia,KSA,MC,ZIYAD ALJOHANI,Ziyad Mubarak E,ALJOHANI,ZIYAD,ES
Saudi Arabia,KSA,DC,KHALID ALGHANNAM,Khalid Essa M,ALGHANNAM,KHALID,ES
Saudi Arabia,KSA,MC,ALA ALHAJJI,Ala Mohsen A,ALHAJJI,ALHAJJI,ES
Saudi Arabia,KSA,DC,ABDULLAH ALHAMDDAN,Abdullah Abdulrahman A,ALHAMDDAN,ALHAMDDAN,ES
Saudi Arabia,KSA,DC,SULTAN MANDASH,Sultan Ahmed M,MANDASH,MANDASH,ES
Saudi Arabia,KSA,PO,MOHAMMED ALOWAIS,Mohammed Khalil I,ALOWAIS,ALOWAIS,ES
Saudi Arabia,KSA,PO,AHMED ALKASSAR,Ahmed Ali H,ALKASSAR,ALKASSAR,ES
Saudi Arabia,KSA,MC,MOHAMED KANNO,Mohamed Ibrahim A,KANNO,KANNO,ES
Saudi Arabia,KSA,DF,MOTEB ALHARBI,Moteb Saad S,ALHARBI,MOTEB,ES
Saudi Arabia,KSA,DF,JEHAD THIKRI,Jehad Abdullatif A,THIKRI,JEHAD,ES
Saudi Arabia,KSA,DF,MOHAMMED ABU ALSHAMAT,Mohammed Waheeb S,ABU ALSHAMAT,MOHAMMED,ES
Scotland,SCO,PO,GUNN Angus,Angus Fraser James,GUNN,GUNN,ES
Scotland,SCO,DF,HICKEY Aaron,Aaron Buchanan,HICKEY,HICKEY,ES
Scotland,SCO,DF,ROBERTSON Andy,Andrew Henry,ROBERTSON,ROBERTSON,ES
Scotland,SCO,MC,McTOMINAY Scott,Scott Francis,MCTOMINAY,MCTOMINAY,ES
Scotland,SCO,DF,HANLEY Grant,Grant Campbell,HANLEY,HANLEY,ES
Scotland,SCO,DF,TIERNEY Kieran,Kieran,TIERNEY,TIERNEY,ES
Scotland,SCO,MC,McGINN John,John,MCGINN,MCGINN,ES
Scotland,SCO,MC,FLETCHER Tyler,Tyler Robert,FLETCHER,FLETCHER,ES
Scotland,SCO,DC,DYKES Lyndon,Lyndon John,DYKES,DYKES,ES
Scotland,SCO,DC,ADAMS Che,Che Sac Everton Fred,ADAMS,ADAMS,ES
Scotland,SCO,MC,CHRISTIE Ryan,Ryan,CHRISTIE,CHRISTIE,ES
Scotland,SCO,PO,KELLY Liam,Liam Patrick,KELLY,KELLY,ES
Scotland,SCO,DF,HENDRY Jack,Jack William,HENDRY,HENDRY,ES
Scotland,SCO,DC,STEWART Ross,Ross Cameron,STEWART,STEWART,ES
Scotland,SCO,DF,SOUTTAR John,John Francis,SOUTTAR,SOUTTAR,ES
Scotland,SCO,DF,HYAM Dominic,Dominic John,HYAM,HYAM,ES
Scotland,SCO,DC,GANNON-DOAK Ben,Ben Gannon,DOAK,GANNON DOAK,ES
Scotland,SCO,DC,HIRST George,George David Eric,HIRST,HIRST,ES
Scotland,SCO,MC,FERGUSON Lewis,Lewis,FERGUSON,FERGUSON,ES
Scotland,SCO,DC,SHANKLAND Lawrence,Lawrence,SHANKLAND,SHANKLAND,ES
Scotland,SCO,PO,GORDON Craig,Craig Sinclair,GORDON,GORDON,ES
Scotland,SCO,DF,PATTERSON Nathan,Nathan Kenneth,PATTERSON,PATTERSON,ES
Scotland,SCO,MC,McLEAN Kenny,Kenneth,MCLEAN,MCLEAN,ES
Scotland,SCO,DF,RALSTON Anthony,Anthony,RALSTON,RALSTON,ES
Scotland,SCO,DC,CURTIS Findlay,Findlay Kenneth,CURTIS,CURTIS,ES
Scotland,SCO,DF,McKENNA Scott,Scott Fraser,MCKENNA,MCKENNA,ES
Senegal,SEN,PO,DIOUF Yehvann,Yehvann Djibril Victor,DIOUF,Y. DIOUF,ES
Senegal,SEN,DF,SARR Mamadou,Mamadou,SARR,SARR,ES
Senegal,SEN,DF,KOULIBALY Kalidou,Kalidou,KOULIBALY,KOULIBALY,ES
Senegal,SEN,DF,SECK Abdoulaye,Abdoulaye,SECK,SECK,ES
Senegal,SEN,MC,GUEYE Idrissa Gana,Idrissa Gana,GUEYE,GANA,ES
Senegal,SEN,MC,CISS Pathe,Ismaila Pathe,CISS,P.I. CISS,ES
Senegal,SEN,DC,DIAO Assane,Assane,DIAO,A. DIAO,ES
Senegal,SEN,MC,CAMARA Lamine,Lamine,CAMARA,LAMINE,ES
Senegal,SEN,DC,DIENG Bamba,Cheikh Ahmadou Bamba Mbacke,DIENG,BAMBA,ES
Senegal,SEN,DC,MANE Sadio,Sadio,MANE,MANÉ,ES
Senegal,SEN,DC,JACKSON Nicolas,Nicolas,JACKSON,N. JACKSON,ES
Senegal,SEN,DC,NDIAYE Cherif,Pape Cherif,NDIAYE,CHÉRIF,ES
Senegal,SEN,DC,NDIAYE Iliman,Iliman Cheikh Baroy,NDIAYE,NDIAYE,ES
Senegal,SEN,DF,JAKOBS Ismail,Ismail Joshua,JAKOBS,JAKOBS,ES
Senegal,SEN,DF,DIATTA Krepin,Krepin,DIATTA,DIATTA,ES
Senegal,SEN,PO,MENDY Edouard,Edouard Osoque,MENDY,MENDY,ES
Senegal,SEN,MC,SARR Pape Matar,Pape Matar,SARR,P.M. SARR,ES
Senegal,SEN,DC,SARR Ismaila,Ismaila,SARR,ISMAÏLA,ES
Senegal,SEN,DF,NIAKHATE Moussa,Moussa,NIAKHATE,NIAKHATÉ,ES
Senegal,SEN,DC,MBAYE Ibrahim,Ibrahim,MBAYE,I. MBAYE,ES
Senegal,SEN,MC,DIARRA Habib,Mouhamadou Habib Mbacke,DIARRA,H. DIARRA,ES
Senegal,SEN,MC,NDIAYE Bara Sapoko,Bara Sapoko,NDIAYE,BARA,ES
Senegal,SEN,PO,DIAW Mory,Mory,DIAW,DIAW,ES
Senegal,SEN,DF,MENDY Antoine,Antoine Alpha,MENDY,A. MENDY,ES
Senegal,SEN,DF,DIOUF El Hadji Malick,El Hadji Malick,DIOUF,DIOUF,ES
Senegal,SEN,MC,GUEYE Pape,Pape Alassane,GUEYE,GUEYE,ES
South Africa,RSA,PO,WILLIAMS Ronwen,Ronwen Hayden,WILLIAMS,WILLIAMS,ES
South Africa,RSA,DF,MATULUDI Thabang,Tholo Thabang,MATULUDI,MATULUDI,ES
South Africa,RSA,DF,NDAMANE Khulumani,Khulumani,NDAMANE,NDAMANE,ES
South Africa,RSA,MC,MOKOENA Teboho,Teboho,MOKOENA,MOKOENA,ES
South Africa,RSA,MC,MBATHA Thalente,Thalente Wandile,MBATHA,MBATHA,ES
South Africa,RSA,DF,MODIBA Aubrey,Aubrey Maphosa,MODIBA,MODIBA,ES
South Africa,RSA,DC,APPOLLIS Oswin,Oswin Reagan,APPOLLIS,APPOLLIS,ES
South Africa,RSA,DC,MOREMI Tshepang,Tshepang,MOREMI,MOREMI,ES
South Africa,RSA,DC,FOSTER Lyle,Lyle Brent,FOSTER,FOSTER,ES
South Africa,RSA,DC,MOFOKENG Relebohile,Relebohile,MOFOKENG,MOFOKENG,ES
South Africa,RSA,MC,ZWANE Themba,Themba,ZWANE,ZWANE,ES
South Africa,RSA,DC,MASEKO Thapelo,Thapelo,MASEKO,MASEKO,ES
South Africa,RSA,MC,SITHOLE Sphephelo,Sphephelo S'miso,SITHOLE,SITHOLE,ES
South Africa,RSA,DF,MBOKAZI Mbekezeli,Mbekezeli Mfanu«kile,MBOKAZI,MBOKAZI,ES
South Africa,RSA,DC,RAYNERS Iqraam,Iqraam,RAYNERS,RAYNERS,ES
South Africa,RSA,PO,CHAINE Sipho,Sipho Justin,CHAINE,CHAINE,ES
South Africa,RSA,DC,MAKGOPA Evidence,Sekotori Evidence,MAKGOPA,MAKGPA,ES
South Africa,RSA,DF,KABINI Samukele,Samukele Alucious,KABINI,KABINI,ES
South Africa,RSA,DF,SIBISI Nkosinathi,Nkosinathi Emmanuel,SIBISI,SIBISI,ES
South Africa,RSA,DF,MUDAU Khuliso,Khuliso Johnson,MUDAU,MUDAU,ES
South Africa,RSA,DF,OKON Ime,Ime Daniel,OKON,OKON,ES
South Africa,RSA,PO,GOSS Ricardo,Stuart Ricardo,GOSS,GOSS,ES
South Africa,RSA,MC,ADAMS Jayden,Jayden Oswin,ADAMS,ADAMS,ES
South Africa,RSA,DF,MAKHANYA Olwethu,Olwethu Mpilwenhle,MAKHANYA,MAKHANYA,ES
South Africa,RSA,DC,SEBELEBELE Kamogelo,Kamogelo Michael,SEBELEBELE,SEBELEBELE,ES
South Africa,RSA,DF,CROSS Bradley,Bradley Paul,CROSS,CROSS,ES
Spain,ESP,PO,RAYA David,David,RAYA MARTÍN,RAYA,ES
Spain,ESP,DF,PUBILL Marc,Marc,PUBILL PAGES,MARC PUBILL,ES
Spain,ESP,DF,GRIMALDO Alex,Alejandro,GRIMALDO GARCÍA,GRIMALDO,ES
Spain,ESP,DF,GARCIA Eric,Eric,GARCÍA MARTRET,ERIC,ES
Spain,ESP,DF,LLORENTE Marcos,Marcos,LLORENTE MORENO,M. LLORENTE,ES
Spain,ESP,MC,MERINO Mikel,Mikel,MERINO ZAZÓN,MERINO,ES
Spain,ESP,DC,TORRES Ferran,Ferran,TORRES GARCÍA,FERRAN,ES
Spain,ESP,MC,RUIZ Fabian,Fabian,RUIZ PEÑA,FABIÁN,ES
Spain,ESP,MC,GAVI,Pablo,PAEZ GAVIRA,GAVI,ES
Spain,ESP,DC,OLMO Dani,Daniel,OLMO CARVAJAL,OLMO,ES
Spain,ESP,DC,PINO Yeremy,Yeremy Jesús,PINO SANTOS,YEREMY,ES
Spain,ESP,DF,PORRO Pedro,Pedro Antonio,PORRO SAUCEDA,PEDRO PORRO,ES
Spain,ESP,PO,GARCIA Joan,Joan,GARCIA PONS,JOAN GARCIA,ES
Spain,ESP,DF,LAPORTE Aymeric,Aymeric,LAPORTE FEVRE,LAPORTE,ES
Spain,ESP,MC,BAENA Alex,Alejandro,BAENA RODRÍGUEZ,ALEX B.,ES
Spain,ESP,MC,RODRI,Rodrigo,HERNÁNDEZ CASCANTE,RODRIGO,ES
Spain,ESP,DC,WILLIAMS Nico,Nicholas,WILLIAMS ARTHUER,WILLIAMS JR.,ES
Spain,ESP,MC,ZUBIMENDI Martin,Martin,ZUBIMENDI IBAÑEZ,ZUBIMENDI,ES
Spain,ESP,DC,YAMAL Lamine,Lamine Yamal,NASRAOUI EBANA,LAMINE YAMAL,ES
Spain,ESP,MC,PEDRI,Pedro,GONZÁLEZ LÓPEZ,PEDRI,ES
Spain,ESP,DC,OYARZABAL Mikel,Mikel,OYARZABAL UGARTE,OYARZABAL,ES
Spain,ESP,DF,CUBARSI Pau,Pau,CUBARSI I PAREDES,CUBARSÍ,ES
Spain,ESP,PO,SIMON Unai,Unai,SIMÓN MENDIBIL,UNAI SIMÓN,ES
Spain,ESP,DF,CUCURELLA Marc,Marc,CUCURELLA SASETA,CUCURELLA,ES
Spain,ESP,DC,MUNOZ Victor,Victor,MUÑOZ VILLANUEVA,VICTOR M.V.,ES
Spain,ESP,DC,IGLESIAS Borja,Borja,IGLESIAS QUINTÁS,B. IGLESIAS,ES
Sweden,SWE,PO,WIDELL ZETTERSTROM Jacob,Jacob Mikael,WIDELL ZETTERSTRÖM,ZETTERSTRÖM,ES
Sweden,SWE,DF,LAGERBIELKE Gustaf,Gustaf Johan,LAGERBIELKE,LAGERBIELKE,ES
Sweden,SWE,DF,LINDELOF Victor,Victor Jörgen,NILSSON LINDELÖF,LINDELÖF,ES
Sweden,SWE,DF,HIEN Isak,Isak Malcolm Kwaku,HIEN,HIEN,ES
Sweden,SWE,DF,GUDMUNDSSON Gabriel,Gabriel Johan,GUDMUNDSSON,GUDMUNDSSON,ES
Sweden,SWE,DF,JOHANSSON Herman,Herman Nils,JOHANSSON,H. JOHANSSON,ES
Sweden,SWE,MC,BERGVALL Lucas,Lucas Erik Holger,BERGVALL,BERGVALL,ES
Sweden,SWE,DF,SVENSSON Daniel,Daniel Jonathan,SVENSSON,SVENSSON,ES
Sweden,SWE,DC,ISAK Alexander,Alexander,ISAK,ISAK,ES
Sweden,SWE,MC,NYGREN Benjamin,Erik Benjamin,NYGREN,NYGREN,ES
Sweden,SWE,DC,ELANGA Anthony,Anthony David Junior,ELANGA,ELANGA,ES
Sweden,SWE,PO,JOHANSSON Viktor,Tobias Viktor,JOHANSSON,V. JOHANSSON,ES
Sweden,SWE,MC,SEMA Ken,Ken,SEMA,SEMA,ES
Sweden,SWE,DF,EKDAL Hjalmar,Hjalmar,EKDAL,EKDAL,ES
Sweden,SWE,DF,STARFELT Carl,Carl Anders Theodor,STARFELT,STARFELT,ES
Sweden,SWE,MC,KARLSTROM Jesper,Jesper Kewe,KARLSTRÖM,KARLSTRÖM,ES
Sweden,SWE,DC,GYOKERES Viktor,Viktor Einar,GYÖKERES,GYÖKERES,ES
Sweden,SWE,MC,AYARI Yasin,Yasin,AYARI,AYARI,ES
Sweden,SWE,MC,SVANBERG Mattias,Mattias Olof,SVANBERG,SVANBERG,ES
Sweden,SWE,DF,SMITH Eric,Eric Anders,SMITH,SMITH,ES
Sweden,SWE,DF,BERNHARDSSON Alexander,Alexander Olof,BERNHARDSSON,BERNHARDSSON,ES
Sweden,SWE,MC,ZENELI Besfort,Besfort,ZENELI,ZENELI,ES
Sweden,SWE,PO,NORDFELDT Kristoffer,Bo Kristoffer,NORDFELDT,NORDFELDT,ES
Sweden,SWE,DF,STROUD Elliot,Elliot Karl,STROUD,STROUD,ES
Sweden,SWE,DC,NILSSON Gustaf,Håkan Gustaf,NILSSON,NILSSON,ES
Sweden,SWE,DC,ALI Taha,Taha Abdi,ALI,ALI,ES
Switzerland,SUI,PO,KOBEL Gregor,Gregor,KOBEL,KOBEL,ES
Switzerland,SUI,DF,MUHEIM Miro,Miro Max Maria,MUHEIM,MUHEIM,ES
Switzerland,SUI,DF,WIDMER Silvan,Silvan Dominic,WIDMER,WIDMER,ES
Switzerland,SUI,DF,ELVEDI Nico,Nico,ELVEDI,ELVEDI,ES
Switzerland,SUI,DF,AKANJI Manuel,Manuel Obafemi,AKANJI,AKANJI,ES
Switzerland,SUI,MC,ZAKARIA Denis,Denis Lemi,ZAKARIA LAKO LADO,ZAKARIA,ES
Switzerland,SUI,DC,EMBOLO Breel,Breel Donald,EMBOLO,EMBOLO,ES
Switzerland,SUI,MC,FREULER Remo,Remo Marco,FREULER,FREULER,ES
Switzerland,SUI,MC,MANZAMBI Johan,Johan Kula,MANZAMBI,MANZAMBI,ES
Switzerland,SUI,MC,XHAKA Granit,Granit,XHAKA,XHAKA,ES
Switzerland,SUI,DC,NDOYE Dan,Dan,NDOYE,NDOYE,ES
Switzerland,SUI,PO,MVOGO Yvon,Yvon Landry,MVOGO NGANOMA,MVOGO,ES
Switzerland,SUI,DF,RODRIGUEZ Ricardo,Ricardo Ivan,RODRIGUEZ ARAYA,RODRIGUEZ,ES
Switzerland,SUI,MC,JASHARI Ardon,Ardon,JASHARI,JASHARI,ES
Switzerland,SUI,MC,SOW Djibril,Mohameth Djibril Ibrahima,SOW,SOW,ES
Switzerland,SUI,DC,FASSNACHT Christian,Christian Andreas,FASSNACHT,FASSNACHT,ES
Switzerland,SUI,DC,VARGAS Ruben,Ruben Estephan,VARGAS MARTINEZ,VARGAS,ES
Switzerland,SUI,DF,COEMERT Eray,Eray Ervin,CÖMERT,CÖMERT,ES
Switzerland,SUI,DC,OKAFOR Noah,Noah Arinzechukwu,OKAFOR,OKAFOR,ES
Switzerland,SUI,MC,AEBISCHER Michel,Michel,AEBISCHER,AEBISCHER,ES
Switzerland,SUI,PO,KELLER Marvin,Marvin,KELLER,KELLER,ES
Switzerland,SUI,MC,RIEDER Fabian,Fabian,RIEDER,RIEDER,ES
Switzerland,SUI,DC,AMDOUNI Zeki,Mohamed Zeki,AMDOUNI,AMDOUNI,ES
Switzerland,SUI,DF,AMENDA Aurele,Aurèle Florian,AMENDA,AMENDA,ES
Switzerland,SUI,DF,JAQUEZ Luca,Luca Antony,JAQUEZ,JAQUEZ,ES
Switzerland,SUI,DC,ITTEN Cedric,Cedric Jan,ITTEN,ITTEN,ES
Tunisia,TUN,PO,CHAMAKH Mouhib,Abdelmouhib,CHAMAKH,CHAMAKH,ES
Tunisia,TUN,DF,ABDI Ali,Ali,ELABDI,ABDI,ES
Tunisia,TUN,DF,TALBI Montassar,Montassar Omar,TALBI,TALBI,ES
Tunisia,TUN,DF,REKIK Omar,Omar,REKIK,REKIK,ES
Tunisia,TUN,DF,AROUS Adam,Adam,AROUS,AROUS,ES
Tunisia,TUN,DF,BRONN Dylan,Dylan Daniel Mahmoud,BRONN,BRONN,ES
Tunisia,TUN,DC,ACHOURI Elias,Mohamed Elyes,ACHOURI,ACHOURI,ES
Tunisia,TUN,DC,SAAD Elias,Elias,SAAD,SAAD,ES
Tunisia,TUN,DC,MASTOURI Hazem,Hazem,MASTOURI,MASTOURI,ES
Tunisia,TUN,MC,MEJBRI Hannibal,Hannibal,MEJBRI,HANNIBAL,ES
Tunisia,TUN,MC,GHARBI Ismael,Ismael Seifallah,GHARBI,GHARBI,ES
Tunisia,TUN,DF,BEN OUANES Mortadha,Ahmed Mortadha,BEN OUANES,BEN OUANES,ES
Tunisia,TUN,MC,KHEDIRA Rani,Rani,KHEDIRA,KHEDIRA,ES
Tunisia,TUN,MC,AYARI Khalil,Khalil,AYARI,AYARI,ES
Tunisia,TUN,MC,HADJ MAHMOUD Mohamed,Mohamed,BELHADJ MAHMOUD,HADJ MAHMOUD,ES
Tunisia,TUN,PO,DAHMEN Aymen,Aymen,DAHMEN,DAHMEN,ES
Tunisia,TUN,MC,SKHIRI Ellyes,Ellyes Joris,SKHIRI,SKHIRI,ES
Tunisia,TUN,DC,ELLOUMI Rayan,Rayan,ELLOUMI,ELLOUMI,ES
Tunisia,TUN,DC,CHAOUAT Firas,Firas,CHAOUAT,CHAOUAT,ES
Tunisia,TUN,DF,VALERY Yan,Yan,VALERY,VALERY,ES
Tunisia,TUN,DF,BEN HMIDA Mohamed Amine,Mohamed Amine,BEN HMIDA,BEN HMIDA,ES
Tunisia,TUN,PO,BEN HESSEN Sabri,Sabri,BEN HSAN,BEN HESSEN,ES
Tunisia,TUN,DF,NEFFATI Moutaz,Moutaz,NEFFATI,NEFFATI,ES
Tunisia,TUN,DF,CHIKHAOUI Raed,Raed,CHIKHAOUI,CHIKHAOUI,ES
Tunisia,TUN,MC,SLIMANE Anis,Anis,BEN SLIMANE,SLIMANE,ES
Tunisia,TUN,MC,TOUNEKTI Sebastian,Sebastian,TOUNEKTI,TOUNEKTI,ES
Türkiye,TUR,PO,GUNOK Mert,Fehmi Mert,GÜNOK,MERT,ES
Türkiye,TUR,DF,CELIK Zeki,Mehmet Zeki,ÇELIK,ZEKİ ÇELİK,ES
Türkiye,TUR,DF,DEMIRAL Merih,Merih,DEMİRAL,DEMİRAL,ES
Türkiye,TUR,DF,SOYUNCU Caglar,Çağlar,SÖYÜNCÜ,ÇAĞLAR,ES
Türkiye,TUR,MC,OZCAN Salih,Salih,ÖZCAN,ÖZCAN,ES
Türkiye,TUR,MC,KOKCU Orkun,Orkun,KÖKÇÜ,ORKUN KÖKÇÜ,ES
Türkiye,TUR,DC,AKTURKOGLU Kerem,Muhammed Kerem,AKTÜRKOĞLU,AKTÜRKOĞLU,ES
Türkiye,TUR,DC,GULER Arda,Arda,GÜLER,ARDA GÜLER,ES
Türkiye,TUR,DC,GUL Deniz,Deniz Daniel,GÜL,DENİZ GÜL,ES
Türkiye,TUR,MC,CALHANOGLU Hakan,Hakan,ÇALHANOĞLU,ÇALHANOĞLU,ES
Türkiye,TUR,DC,YILDIZ Kenan,Kenan,YILDIZ,YILDIZ,ES
Türkiye,TUR,PO,BAYINDIR Altay,Altay,BAYINDIR,ALTAY,ES
Türkiye,TUR,DF,ELMALI Eren,Evren Eren,ELMALI,EREN ELMALI,ES
Türkiye,TUR,DF,BARDAKCI Abdulkerim,Abdülkerİm,BARDAKCI,ABDÜLKERİM,ES
Türkiye,TUR,DF,KABAK Ozan,Ozan Muhammed,KABAK,OZAN KABAK,ES
Türkiye,TUR,MC,YUKSEK Ismail,İsmaİl,YÜKSEK,İSMAİL,ES
Türkiye,TUR,DC,KAHVECI Irfan Can,İrfan,KAHVECİ,KAHVECİ,ES
Türkiye,TUR,DF,MULDUR Mert,Mert,MÜLDÜR,MERT MÜLDÜR,ES
Türkiye,TUR,DC,AKGUN Yunus,Yunus,AKGÜN,YUNUS,ES
Türkiye,TUR,DF,KADIOGLU Ferdi,Ferdi Erenay,KADIOĞLU,F. KADIOĞLU,ES
Türkiye,TUR,DC,YILMAZ Baris Alper,Barış Alper,YILMAZ,BARIŞ,ES
Türkiye,TUR,MC,AYHAN Kaan,Kaan,AYHAN,KAAN,ES
Türkiye,TUR,PO,CAKIR Ugurcan,Uğurcan,ÇAKIR,UĞURCAN,ES
Türkiye,TUR,DC,AYDIN Oguz,Oğuz,AYDIN,OĞUZ,ES
Türkiye,TUR,DF,AKAYDIN Samet,Samet,AKAYDIN,SAMET AKAYDIN,ES
Türkiye,TUR,DC,UZUN Can,Can Yılmaz,UZUN,CAN UZUN,ES
Uruguay,URU,PO,ROCHET Sergio,Sergio Ramón,ROCHET ALVAREZ,S. ROCHET,ES
Uruguay,URU,DF,GIMENEZ Jose Maria,José María,GIMÉNEZ DE VARGAS,J.M. GIMÉNEZ,ES
Uruguay,URU,DF,CACERES Sebastian,Sebastián Enzo,CÁCERES RAMOS,S. CACERES,ES
Uruguay,URU,DF,ARAUJO Ronald,Ronald Federico,ARAÚJO DA SILVA,R. ARAUJO,ES
Uruguay,URU,MC,UGARTE Manuel,Manuel,UGARTE RIBEIRO,M. UGARTE,ES
Uruguay,URU,MC,BENTANCUR Rodrigo,Rodrigo,BENTANCUR COLMÁN,R. BENTANCUR,ES
Uruguay,URU,MC,DE LA CRUZ Nicolas,Diego Nicolás,DE LA CRUZ ARCOSA,N. DE LA CRUZ,ES
Uruguay,URU,MC,VALVERDE Federico,Federico Santiago,VALVERDE DIPETTA,F. VALVERDE,ES
Uruguay,URU,DC,NUNEZ Darwin,Darwin Gabriel,NUÑEZ RIBEIRO,D. NUÑEZ,ES
Uruguay,URU,MC,DE ARRASCAETA Giorgian,Giorgian Daniel,DE ARRASCAETA BENEDETTI,G. DE ARRASCAETA,ES
Uruguay,URU,DC,PELLISTRI Facundo,Facundo,PELLISTRI REBOLLO,F. PELLISTRI,ES
Uruguay,URU,PO,MELE Santiago,Santiago Andres,MELE CASTAÑERO,S. MELE,ES
Uruguay,URU,DF,VARELA Guillermo,Guillermo,VARELA OLIVERA,G. VARELA,ES
Uruguay,URU,MC,CANOBBIO Agustin,Agustin,CANOBBIO,A. CANOBBIO,ES
Uruguay,URU,MC,MARTINEZ Emiliano,Emiliano,MARTÍNEZ TORANZA,E. MARTINEZ,ES
Uruguay,URU,DF,OLIVERA Mathias,Mathías,OLIVERA MIRAMONTES,M. OLIVERA,ES
Uruguay,URU,DF,VINA Matias,Matías Nicolas,VIÑA SUSPERREGUY,M. VIÑA,ES
Uruguay,URU,DC,RODRIGUEZ Brian,Paul Brian,RODRÍGUEZ BRAVO,B. RODRIGUEZ,ES
Uruguay,URU,DC,AGUIRRE Rodrigo,Rodrigo Sebastian,AGUIRRE SOTO,R. AGUIRRE,ES
Uruguay,URU,MC,ARAUJO Maxi,Maximiliano Javier,ARAÚJO VILCHES,M. ARAUJO,ES
Uruguay,URU,DC,VINAS Federico,Federico Sebastian,VIÑAS BARBOZA,F. VIÑAS,ES
Uruguay,URU,MC,PIQUEREZ Joaquin,Joaquin,PIQUEREZ MOREIRA,J. PIQUEREZ,ES
Uruguay,URU,PO,MUSLERA Fernando,Nestor Fernando,MUSLERA MICOL,F. MUSLERA,ES
Uruguay,URU,DF,BUENO Santiago,Santiago Ignacio,BUENO SCIUTTO,S. BUENO,ES
Uruguay,URU,MC,SANABRIA Juan Manuel,Juan Manuel,SANABRIA MAGOLÉ,J.M. SANABRIA,ES
Uruguay,URU,MC,ZALAZAR Rodrigo,Radrigo,ZALAZAR MARTINEZ,R. ZALAZAR,ES
USA,USA,PO,TURNER Matt,Matthew Charles,TURNER,TURNER,ES
USA,USA,DF,DEST Sergino,Sergiño Gianni,DEST,DEST,ES
USA,USA,DF,RICHARDS Chris,Christopher Jeffrey,RICHARDS,RICHARDS,ES
USA,USA,MC,ADAMS Tyler,Tyler Shaan,ADAMS,ADAMS,ES
USA,USA,DF,ROBINSON Antonee,Antonee,ROBINSON,A. ROBINSON,ES
USA,USA,DF,TRUSTY Auston,Auston Levi-Jesaiah,TRUSTY,TRUSTY,ES
USA,USA,MC,REYNA Giovanni,Giovanni Alejandro,REYNA,REYNA,ES
USA,USA,MC,McKENNIE Weston,Weston James Earl,MC KENNIE,MCKENNIE,ES
USA,USA,DC,PEPI Ricardo,Ricardo Daniel,PEPI,PEPI,ES
USA,USA,DC,PULISIC Christian,Christian Mate,PULISIC,PULISIC,ES
USA,USA,DC,AARONSON Brenden,Brenden Russell,AARONSON,AARONSON,ES
USA,USA,DF,ROBINSON Miles,Miles Gordon,ROBINSON,M. ROBINSON,ES
USA,USA,DF,REAM Tim,Timothy Michael,REAM,REAM,ES
USA,USA,MC,BERHALTER Sebastian,Sebastian Matthew,BERHALTER,BERHALTER,ES
USA,USA,MC,ROLDAN Cristian,Cristian,ROLDAN,ROLDAN,ES
USA,USA,DF,FREEMAN Alex,Alexander Michael,FREEMAN,FREEMAN,ES
USA,USA,MC,TILLMAN Malik,Malik Leon,TILLMAN,TILLMAN,ES
USA,USA,DF,ARFSTEN Max,Maximilian Michael,ARFSTEN,ARFSTEN,ES
USA,USA,DC,WRIGHT Haji,Haji Amir,WRIGHT,WRIGHT,ES
USA,USA,DC,BALOGUN Folarin,Folarin Jolaoluwa,BALOGUN,BALOGUN,ES
USA,USA,DC,WEAH Timothy,Timothy Tarpeh,WEAH,WEAH,ES
USA,USA,DF,McKENZIE Mark,Mark Alexander,MCKENZIE,MCKENZIE,ES
USA,USA,DF,SCALLY Joe,Joseph Michael,SCALLY,SCALLY,ES
USA,USA,PO,FREESE Matt,Matthew Andrew Geary,FREESE,FREESE,ES
USA,USA,PO,BRADY Chris,Christopher Keith,BRADY,BRADY,ES
USA,USA,DC,ZENDEJAS Alex,Alejandro,ZENDEJAS SAAVEDRA,ZENDEJAS,ES
Uzbekistan,UZB,PO,YUSUPOV Utkir,Utkir,YUSUPOV,YUSUPOV,ES
Uzbekistan,UZB,DF,KHUSANOV Abdukodir,Abdukodir,KHUSANOV,KHUSANOV,ES
Uzbekistan,UZB,DF,ALIJONOV Khojiakbar,Khojiakbar,ALIJONOV,ALIJONOV,ES
Uzbekistan,UZB,DF,SAYFIEV Farrukh,Farrukh,SAYFIEV,SAYFIEV,ES
Uzbekistan,UZB,DF,ASHURMATOV Rustam,Rustamjon,ASHURMATOV,ASHURMATOV,ES
Uzbekistan,UZB,MC,MOZGOVOY Akmal,Akmal,MOZGOVOY,MOZGOVOY,ES
Uzbekistan,UZB,MC,SHUKUROV Otabek,Otabek,SHUKUROV,SHUKUROV,ES
Uzbekistan,UZB,MC,ISKANDEROV Jamshid,Jamshid,ISKANDEROV,ISKANDEROV,ES
Uzbekistan,UZB,MC,XAMROBEKOV Odiljon,Odiljon,XAMROBEKOV,XAMROBEKOV,ES
Uzbekistan,UZB,MC,JIYANOV Ruslanbek,Ruslanbek,JIYANOV,JIYANOV,ES
Uzbekistan,UZB,MC,URUNOV Oston,Oston,URUNOV,URUNOV,ES
Uzbekistan,UZB,PO,NEMATOV Abduvohid,Abduvakhid,NEMATOV,NEMATOV,ES
Uzbekistan,UZB,DF,NASRULLAEV Sherzod,Sherzod,NASRULLAEV,NASRULLAEV,ES
Uzbekistan,UZB,DC,SHOMURODOV Eldor,Eldor,SHOMURODOV,SHOMURODOV,ES
Uzbekistan,UZB,DF,ESHMURODOV Umar,Umarbek,ESHMURODOV,ESHMURODOV,ES
Uzbekistan,UZB,PO,ERGASHEV Botirali,Botirali,ERGASHEV,ERGASHEV,ES
Uzbekistan,UZB,MC,KHAMDAMOV Dostonbek,Dostonbek,KHAMDAMOV,KHAMDAMOV,ES
Uzbekistan,UZB,DF,ABDULLAEV Abdulla,Abdulla,ABDULLAEV,ABDULLAEV,ES
Uzbekistan,UZB,MC,GANIEV Azizjon,Azizjon,GANIEV,GANIEV,ES
Uzbekistan,UZB,DC,AMONOV Azizbek,Azizbek,AMONOV,AMONOV,ES
Uzbekistan,UZB,DC,SERGEEV Igor,Igor,SERGEEV,SERGEEV,ES
Uzbekistan,UZB,MC,FAYZULLAEV Abbosbek,Abbosbek,FAYZULLAEV,FAYZULLAEV,ES
Uzbekistan,UZB,MC,ESANOV Sherzod,Sherzod,ESANOV,ESANOV,ES
Uzbekistan,UZB,DF,KARIMOV Behruzjon,Behruzjon,KARIMOV,KARIMOV,ES
Uzbekistan,UZB,DF,ULMASALIYEV Avazbek,Avazbek,ULMASALIYEV,ULMASALIYEV,ES
Uzbekistan,UZB,DF,UROZOV Jakhongir,Jakhongir,UROZOV,UROZOV,ES